Tanggal_Loop,Tanggal,Provinsi,Komoditas,Harga_Rp,Perubahan_Harga
2021-01-01,,,,,
2021-01-02,,,,,
2021-01-03,,,,,
2021-01-04,04 Jan 21,DI Yogyakarta,Beras Kualitas Medium II,11000.0,
2021-01-05,05 Jan 21,DI Yogyakarta,Beras Kualitas Medium II,11000.0,Rp0
2021-01-06,06 Jan 21,DI Yogyakarta,Beras Kualitas Medium II,11000.0,Rp0
2021-01-07,07 Jan 21,DI Yogyakarta,Beras Kualitas Medium II,11000.0,Rp0
2021-01-08,08 Jan 21,DI Yogyakarta,Beras Kualitas Medium II,11000.0,Rp0
2021-01-09,,,,,
2021-01-10,,,,,
2021-01-11,11 Jan 21,DI Yogyakarta,Beras Kualitas Medium II,11000.0,Rp0
2021-01-12,12 Jan 21,DI Yogyakarta,Beras Kualitas Medium II,11000.0,Rp0
2021-01-13,13 Jan 21,DI Yogyakarta,Beras Kualitas Medium II,11000.0,Rp0
2021-01-14,14 Jan 21,DI Yogyakarta,Beras Kualitas Medium II,11000.0,Rp0
2021-01-15,15 Jan 21,DI Yogyakarta,Beras Kualitas Medium II,11000.0,Rp0
2021-01-16,,,,,
2021-01-17,,,,,
2021-01-18,18 Jan 21,DI Yogyakarta,Beras Kualitas Medium II,11000.0,Rp0
2021-01-19,19 Jan 21,DI Yogyakarta,Beras Kualitas Medium II,11000.0,Rp0
2021-01-20,20 Jan 21,DI Yogyakarta,Beras Kualitas Medium II,11000.0,Rp0
2021-01-21,21 Jan 21,DI Yogyakarta,Beras Kualitas Medium II,11000.0,Rp0
2021-01-22,22 Jan 21,DI Yogyakarta,Beras Kualitas Medium II,11000.0,Rp0
2021-01-23,,,,,
2021-01-24,,,,,
2021-01-25,25 Jan 21,DI Yogyakarta,Beras Kualitas Medium II,11000.0,Rp0
2021-01-26,26 Jan 21,DI Yogyakarta,Beras Kualitas Medium II,11000.0,Rp0
2021-01-27,27 Jan 21,DI Yogyakarta,Beras Kualitas Medium II,11000.0,Rp0
2021-01-28,28 Jan 21,DI Yogyakarta,Beras Kualitas Medium II,11000.0,Rp0
2021-01-29,29 Jan 21,DI Yogyakarta,Beras Kualitas Medium II,11000.0,Rp0
2021-01-30,,,,,
2021-01-31,,,,,
2021-02-01,01 Feb 21,DI Yogyakarta,Beras Kualitas Medium II,11000.0,Rp0
2021-02-02,02 Feb 21,DI Yogyakarta,Beras Kualitas Medium II,11000.0,Rp0
2021-02-03,03 Feb 21,DI Yogyakarta,Beras Kualitas Medium II,11000.0,Rp0
2021-02-04,04 Feb 21,DI Yogyakarta,Beras Kualitas Medium II,11000.0,Rp0
2021-02-05,05 Feb 21,DI Yogyakarta,Beras Kualitas Medium II,11000.0,Rp0
2021-02-06,,,,,
2021-02-07,,,,,
2021-02-08,08 Feb 21,DI Yogyakarta,Beras Kualitas Medium II,11000.0,Rp0
2021-02-09,09 Feb 21,DI Yogyakarta,Beras Kualitas Medium II,11000.0,Rp0
2021-02-10,10 Feb 21,DI Yogyakarta,Beras Kualitas Medium II,11000.0,Rp0
2021-02-11,11 Feb 21,DI Yogyakarta,Beras Kualitas Medium II,11000.0,Rp0
2021-02-12,,,,,
2021-02-13,,,,,
2021-02-14,,,,,
2021-02-15,15 Feb 21,DI Yogyakarta,Beras Kualitas Medium II,11000.0,
2021-02-16,16 Feb 21,DI Yogyakarta,Beras Kualitas Medium II,11000.0,Rp0
2021-02-17,17 Feb 21,DI Yogyakarta,Beras Kualitas Medium II,11000.0,Rp0
2021-02-18,18 Feb 21,DI Yogyakarta,Beras Kualitas Medium II,11000.0,Rp0
2021-02-19,19 Feb 21,DI Yogyakarta,Beras Kualitas Medium II,11000.0,Rp0
2021-02-20,,,,,
2021-02-21,,,,,
2021-02-22,22 Feb 21,DI Yogyakarta,Beras Kualitas Medium II,11000.0,Rp0
2021-02-23,23 Feb 21,DI Yogyakarta,Beras Kualitas Medium II,11000.0,Rp0
2021-02-24,24 Feb 21,DI Yogyakarta,Beras Kualitas Medium II,11000.0,Rp0
2021-02-25,25 Feb 21,DI Yogyakarta,Beras Kualitas Medium II,11000.0,Rp0
2021-02-26,26 Feb 21,DI Yogyakarta,Beras Kualitas Medium II,11000.0,Rp0
2021-02-27,,,,,
2021-02-28,,,,,
2021-03-01,01 Mar 21,DI Yogyakarta,Beras Kualitas Medium II,11000.0,Rp0
2021-03-02,02 Mar 21,DI Yogyakarta,Beras Kualitas Medium II,11000.0,Rp0
2021-03-03,03 Mar 21,DI Yogyakarta,Beras Kualitas Medium II,11000.0,Rp0
2021-03-04,04 Mar 21,DI Yogyakarta,Beras Kualitas Medium II,11000.0,Rp0
2021-03-05,05 Mar 21,DI Yogyakarta,Beras Kualitas Medium II,11000.0,Rp0
2021-03-06,,,,,
2021-03-07,,,,,
2021-03-08,08 Mar 21,DI Yogyakarta,Beras Kualitas Medium II,11000.0,Rp0
2021-03-09,09 Mar 21,DI Yogyakarta,Beras Kualitas Medium II,11000.0,Rp0
2021-03-10,10 Mar 21,DI Yogyakarta,Beras Kualitas Medium II,11000.0,Rp0
2021-03-11,,,,,
2021-03-12,12 Mar 21,DI Yogyakarta,Beras Kualitas Medium II,11000.0,
2021-03-13,,,,,
2021-03-14,,,,,
2021-03-15,15 Mar 21,DI Yogyakarta,Beras Kualitas Medium II,11000.0,Rp0
2021-03-16,16 Mar 21,DI Yogyakarta,Beras Kualitas Medium II,11000.0,Rp0
2021-03-17,17 Mar 21,DI Yogyakarta,Beras Kualitas Medium II,11000.0,Rp0
2021-03-18,18 Mar 21,DI Yogyakarta,Beras Kualitas Medium II,11000.0,Rp0
2021-03-19,19 Mar 21,DI Yogyakarta,Beras Kualitas Medium II,11000.0,Rp0
2021-03-20,,,,,
2021-03-21,,,,,
2021-03-22,22 Mar 21,DI Yogyakarta,Beras Kualitas Medium II,11000.0,Rp0
2021-03-23,23 Mar 21,DI Yogyakarta,Beras Kualitas Medium II,11000.0,Rp0
2021-03-24,24 Mar 21,DI Yogyakarta,Beras Kualitas Medium II,11000.0,Rp0
2021-03-25,25 Mar 21,DI Yogyakarta,Beras Kualitas Medium II,11000.0,Rp0
2021-03-26,26 Mar 21,DI Yogyakarta,Beras Kualitas Medium II,11000.0,Rp0
2021-03-27,,,,,
2021-03-28,,,,,
2021-03-29,29 Mar 21,DI Yogyakarta,Beras Kualitas Medium II,11000.0,Rp0
2021-03-30,30 Mar 21,DI Yogyakarta,Beras Kualitas Medium II,11000.0,Rp0
2021-03-31,31 Mar 21,DI Yogyakarta,Beras Kualitas Medium II,11000.0,Rp0
2021-04-01,01 Apr 21,DI Yogyakarta,Beras Kualitas Medium II,11000.0,Rp0
2021-04-02,,,,,
2021-04-03,,,,,
2021-04-04,,,,,
2021-04-05,05 Apr 21,DI Yogyakarta,Beras Kualitas Medium II,11000.0,
2021-04-06,06 Apr 21,DI Yogyakarta,Beras Kualitas Medium II,11000.0,Rp0
2021-04-07,07 Apr 21,DI Yogyakarta,Beras Kualitas Medium II,11000.0,Rp0
2021-04-08,08 Apr 21,DI Yogyakarta,Beras Kualitas Medium II,11000.0,Rp0
2021-04-09,09 Apr 21,DI Yogyakarta,Beras Kualitas Medium II,11000.0,Rp0
2021-04-10,,,,,
2021-04-11,,,,,
2021-04-12,12 Apr 21,DI Yogyakarta,Beras Kualitas Medium II,11000.0,Rp0
2021-04-13,13 Apr 21,DI Yogyakarta,Beras Kualitas Medium II,11000.0,Rp0
2021-04-14,14 Apr 21,DI Yogyakarta,Beras Kualitas Medium II,11000.0,Rp0
2021-04-15,15 Apr 21,DI Yogyakarta,Beras Kualitas Medium II,11000.0,Rp0
2021-04-16,16 Apr 21,DI Yogyakarta,Beras Kualitas Medium II,11000.0,Rp0
2021-04-17,,,,,
2021-04-18,,,,,
2021-04-19,19 Apr 21,DI Yogyakarta,Beras Kualitas Medium II,10750.0,
2021-04-20,20 Apr 21,DI Yogyakarta,Beras Kualitas Medium II,10750.0,Rp0
2021-04-21,21 Apr 21,DI Yogyakarta,Beras Kualitas Medium II,10750.0,Rp0
2021-04-22,22 Apr 21,DI Yogyakarta,Beras Kualitas Medium II,10750.0,Rp0
2021-04-23,23 Apr 21,DI Yogyakarta,Beras Kualitas Medium II,10750.0,Rp0
2021-04-24,,,,,
2021-04-25,,,,,
2021-04-26,26 Apr 21,DI Yogyakarta,Beras Kualitas Medium II,10750.0,Rp0
2021-04-27,27 Apr 21,DI Yogyakarta,Beras Kualitas Medium II,10750.0,Rp0
2021-04-28,28 Apr 21,DI Yogyakarta,Beras Kualitas Medium II,10750.0,Rp0
2021-04-29,29 Apr 21,DI Yogyakarta,Beras Kualitas Medium II,10750.0,Rp0
2021-04-30,30 Apr 21,DI Yogyakarta,Beras Kualitas Medium II,10750.0,Rp0
2021-05-01,,,,,
2021-05-02,,,,,
2021-05-03,03 Mei 21,DI Yogyakarta,Beras Kualitas Medium II,10750.0,Rp0
2021-05-04,04 Mei 21,DI Yogyakarta,Beras Kualitas Medium II,10750.0,Rp0
2021-05-05,05 Mei 21,DI Yogyakarta,Beras Kualitas Medium II,10750.0,Rp0
2021-05-06,06 Mei 21,DI Yogyakarta,Beras Kualitas Medium II,10750.0,Rp0
2021-05-07,07 Mei 21,DI Yogyakarta,Beras Kualitas Medium II,10750.0,Rp0
2021-05-08,,,,,
2021-05-09,,,,,
2021-05-10,10 Mei 21,DI Yogyakarta,Beras Kualitas Medium II,10750.0,Rp0
2021-05-11,11 Mei 21,DI Yogyakarta,Beras Kualitas Medium II,10750.0,Rp0
2021-05-12,,,,,
2021-05-13,,,,,
2021-05-14,,,,,
2021-05-15,,,,,
2021-05-16,,,,,
2021-05-17,17 Mei 21,DI Yogyakarta,Beras Kualitas Medium II,10750.0,
2021-05-18,18 Mei 21,DI Yogyakarta,Beras Kualitas Medium II,10750.0,Rp0
2021-05-19,19 Mei 21,DI Yogyakarta,Beras Kualitas Medium II,10750.0,Rp0
2021-05-20,20 Mei 21,DI Yogyakarta,Beras Kualitas Medium II,10750.0,Rp0
2021-05-21,21 Mei 21,DI Yogyakarta,Beras Kualitas Medium II,10750.0,Rp0
2021-05-22,,,,,
2021-05-23,,,,,
2021-05-24,24 Mei 21,DI Yogyakarta,Beras Kualitas Medium II,10750.0,Rp0
2021-05-25,25 Mei 21,DI Yogyakarta,Beras Kualitas Medium II,10750.0,Rp0
2021-05-26,,,,,
2021-05-27,27 Mei 21,DI Yogyakarta,Beras Kualitas Medium II,10750.0,
2021-05-28,28 Mei 21,DI Yogyakarta,Beras Kualitas Medium II,10750.0,Rp0
2021-05-29,,,,,
2021-05-30,,,,,
2021-05-31,31 Mei 21,DI Yogyakarta,Beras Kualitas Medium II,10750.0,Rp0
2021-06-01,,,,,
2021-06-02,02 Jun 21,DI Yogyakarta,Beras Kualitas Medium II,10750.0,
2021-06-03,03 Jun 21,DI Yogyakarta,Beras Kualitas Medium II,10750.0,Rp0
2021-06-04,04 Jun 21,DI Yogyakarta,Beras Kualitas Medium II,10750.0,Rp0
2021-06-05,,,,,
2021-06-06,,,,,
2021-06-07,07 Jun 21,DI Yogyakarta,Beras Kualitas Medium II,10750.0,Rp0
2021-06-08,08 Jun 21,DI Yogyakarta,Beras Kualitas Medium II,10750.0,Rp0
2021-06-09,09 Jun 21,DI Yogyakarta,Beras Kualitas Medium II,10750.0,Rp0
2021-06-10,10 Jun 21,DI Yogyakarta,Beras Kualitas Medium II,10750.0,Rp0
2021-06-11,11 Jun 21,DI Yogyakarta,Beras Kualitas Medium II,10750.0,Rp0
2021-06-12,,,,,
2021-06-13,,,,,
2021-06-14,14 Jun 21,DI Yogyakarta,Beras Kualitas Medium II,10750.0,Rp0
2021-06-15,15 Jun 21,DI Yogyakarta,Beras Kualitas Medium II,10750.0,Rp0
2021-06-16,16 Jun 21,DI Yogyakarta,Beras Kualitas Medium II,10750.0,Rp0
2021-06-17,17 Jun 21,DI Yogyakarta,Beras Kualitas Medium II,10750.0,Rp0
2021-06-18,18 Jun 21,DI Yogyakarta,Beras Kualitas Medium II,10750.0,Rp0
2021-06-19,,,,,
2021-06-20,,,,,
2021-06-21,21 Jun 21,DI Yogyakarta,Beras Kualitas Medium II,10750.0,Rp0
2021-06-22,22 Jun 21,DI Yogyakarta,Beras Kualitas Medium II,10750.0,Rp0
2021-06-23,23 Jun 21,DI Yogyakarta,Beras Kualitas Medium II,10750.0,Rp0
2021-06-24,24 Jun 21,DI Yogyakarta,Beras Kualitas Medium II,10750.0,Rp0
2021-06-25,25 Jun 21,DI Yogyakarta,Beras Kualitas Medium II,10750.0,Rp0
2021-06-26,,,,,
2021-06-27,,,,,
2021-06-28,28 Jun 21,DI Yogyakarta,Beras Kualitas Medium II,10750.0,Rp0
2021-06-29,29 Jun 21,DI Yogyakarta,Beras Kualitas Medium II,10750.0,Rp0
2021-06-30,30 Jun 21,DI Yogyakarta,Beras Kualitas Medium II,10750.0,Rp0
2021-07-01,01 Jul 21,DI Yogyakarta,Beras Kualitas Medium II,10750.0,Rp0
2021-07-02,02 Jul 21,DI Yogyakarta,Beras Kualitas Medium II,10750.0,Rp0
2021-07-03,,,,,
2021-07-04,,,,,
2021-07-05,05 Jul 21,DI Yogyakarta,Beras Kualitas Medium II,10750.0,Rp0
2021-07-06,06 Jul 21,DI Yogyakarta,Beras Kualitas Medium II,10750.0,Rp0
2021-07-07,07 Jul 21,DI Yogyakarta,Beras Kualitas Medium II,10750.0,Rp0
2021-07-08,08 Jul 21,DI Yogyakarta,Beras Kualitas Medium II,10750.0,Rp0
2021-07-09,09 Jul 21,DI Yogyakarta,Beras Kualitas Medium II,10750.0,Rp0
2021-07-10,,,,,
2021-07-11,,,,,
2021-07-12,12 Jul 21,DI Yogyakarta,Beras Kualitas Medium II,10750.0,Rp0
2021-07-13,13 Jul 21,DI Yogyakarta,Beras Kualitas Medium II,10750.0,Rp0
2021-07-14,14 Jul 21,DI Yogyakarta,Beras Kualitas Medium II,10750.0,Rp0
2021-07-15,15 Jul 21,DI Yogyakarta,Beras Kualitas Medium II,10750.0,Rp0
2021-07-16,16 Jul 21,DI Yogyakarta,Beras Kualitas Medium II,10750.0,Rp0
2021-07-17,,,,,
2021-07-18,,,,,
2021-07-19,19 Jul 21,DI Yogyakarta,Beras Kualitas Medium II,10750.0,Rp0
2021-07-20,,,,,
2021-07-21,21 Jul 21,DI Yogyakarta,Beras Kualitas Medium II,10750.0,
2021-07-22,22 Jul 21,DI Yogyakarta,Beras Kualitas Medium II,10750.0,Rp0
2021-07-23,23 Jul 21,DI Yogyakarta,Beras Kualitas Medium II,10750.0,Rp0
2021-07-24,,,,,
2021-07-25,,,,,
2021-07-26,26 Jul 21,DI Yogyakarta,Beras Kualitas Medium II,10750.0,Rp0
2021-07-27,27 Jul 21,DI Yogyakarta,Beras Kualitas Medium II,10750.0,Rp0
2021-07-28,28 Jul 21,DI Yogyakarta,Beras Kualitas Medium II,10750.0,Rp0
2021-07-29,29 Jul 21,DI Yogyakarta,Beras Kualitas Medium II,10750.0,Rp0
2021-07-30,30 Jul 21,DI Yogyakarta,Beras Kualitas Medium II,10750.0,Rp0
2021-07-31,,,,,
2021-08-01,,,,,
2021-08-02,02 Agt 21,DI Yogyakarta,Beras Kualitas Medium II,10750.0,Rp0
2021-08-03,03 Agt 21,DI Yogyakarta,Beras Kualitas Medium II,10750.0,Rp0
2021-08-04,04 Agt 21,DI Yogyakarta,Beras Kualitas Medium II,10750.0,Rp0
2021-08-05,05 Agt 21,DI Yogyakarta,Beras Kualitas Medium II,10750.0,Rp0
2021-08-06,06 Agt 21,DI Yogyakarta,Beras Kualitas Medium II,10750.0,Rp0
2021-08-07,,,,,
2021-08-08,,,,,
2021-08-09,09 Agt 21,DI Yogyakarta,Beras Kualitas Medium II,10750.0,Rp0
2021-08-10,10 Agt 21,DI Yogyakarta,Beras Kualitas Medium II,10750.0,Rp0
2021-08-11,,,,,
2021-08-12,12 Agt 21,DI Yogyakarta,Beras Kualitas Medium II,10750.0,
2021-08-13,13 Agt 21,DI Yogyakarta,Beras Kualitas Medium II,10750.0,Rp0
2021-08-14,,,,,
2021-08-15,,,,,
2021-08-16,16 Agt 21,DI Yogyakarta,Beras Kualitas Medium II,10750.0,Rp0
2021-08-17,,,,,
2021-08-18,18 Agt 21,DI Yogyakarta,Beras Kualitas Medium II,10750.0,
2021-08-19,19 Agt 21,DI Yogyakarta,Beras Kualitas Medium II,10750.0,Rp0
2021-08-20,20 Agt 21,DI Yogyakarta,Beras Kualitas Medium II,10750.0,Rp0
2021-08-21,,,,,
2021-08-22,,,,,
2021-08-23,23 Agt 21,DI Yogyakarta,Beras Kualitas Medium II,10750.0,Rp0
2021-08-24,24 Agt 21,DI Yogyakarta,Beras Kualitas Medium II,10750.0,Rp0
2021-08-25,25 Agt 21,DI Yogyakarta,Beras Kualitas Medium II,10750.0,Rp0
2021-08-26,26 Agt 21,DI Yogyakarta,Beras Kualitas Medium II,10750.0,Rp0
2021-08-27,27 Agt 21,DI Yogyakarta,Beras Kualitas Medium II,10750.0,Rp0
2021-08-28,,,,,
2021-08-29,,,,,
2021-08-30,30 Agt 21,DI Yogyakarta,Beras Kualitas Medium II,10750.0,Rp0
2021-08-31,31 Agt 21,DI Yogyakarta,Beras Kualitas Medium II,10750.0,Rp0
2021-09-01,01 Sep 21,DI Yogyakarta,Beras Kualitas Medium II,10750.0,Rp0
2021-09-02,02 Sep 21,DI Yogyakarta,Beras Kualitas Medium II,10750.0,Rp0
2021-09-03,03 Sep 21,DI Yogyakarta,Beras Kualitas Medium II,10750.0,Rp0
2021-09-04,,,,,
2021-09-05,,,,,
2021-09-06,06 Sep 21,DI Yogyakarta,Beras Kualitas Medium II,10750.0,Rp0
2021-09-07,07 Sep 21,DI Yogyakarta,Beras Kualitas Medium II,10750.0,Rp0
2021-09-08,08 Sep 21,DI Yogyakarta,Beras Kualitas Medium II,10750.0,Rp0
2021-09-09,09 Sep 21,DI Yogyakarta,Beras Kualitas Medium II,10750.0,Rp0
2021-09-10,10 Sep 21,DI Yogyakarta,Beras Kualitas Medium II,10750.0,Rp0
2021-09-11,,,,,
2021-09-12,,,,,
2021-09-13,13 Sep 21,DI Yogyakarta,Beras Kualitas Medium II,10750.0,Rp0
2021-09-14,14 Sep 21,DI Yogyakarta,Beras Kualitas Medium II,10750.0,Rp0
2021-09-15,15 Sep 21,DI Yogyakarta,Beras Kualitas Medium II,10750.0,Rp0
2021-09-16,16 Sep 21,DI Yogyakarta,Beras Kualitas Medium II,10750.0,Rp0
2021-09-17,17 Sep 21,DI Yogyakarta,Beras Kualitas Medium II,10750.0,Rp0
2021-09-18,,,,,
2021-09-19,,,,,
2021-09-20,20 Sep 21,DI Yogyakarta,Beras Kualitas Medium II,10750.0,Rp0
2021-09-21,21 Sep 21,DI Yogyakarta,Beras Kualitas Medium II,10750.0,Rp0
2021-09-22,22 Sep 21,DI Yogyakarta,Beras Kualitas Medium II,10750.0,Rp0
2021-09-23,23 Sep 21,DI Yogyakarta,Beras Kualitas Medium II,10750.0,Rp0
2021-09-24,24 Sep 21,DI Yogyakarta,Beras Kualitas Medium II,10750.0,Rp0
2021-09-25,,,,,
2021-09-26,,,,,
2021-09-27,27 Sep 21,DI Yogyakarta,Beras Kualitas Medium II,10750.0,
2021-09-28,28 Sep 21,DI Yogyakarta,Beras Kualitas Medium II,10750.0,Rp0
2021-09-29,29 Sep 21,DI Yogyakarta,Beras Kualitas Medium II,10750.0,Rp0
2021-09-30,30 Sep 21,DI Yogyakarta,Beras Kualitas Medium II,10750.0,Rp0
2021-10-01,01 Okt 21,DI Yogyakarta,Beras Kualitas Medium II,10750.0,Rp0
2021-10-02,,,,,
2021-10-03,,,,,
2021-10-04,04 Okt 21,DI Yogyakarta,Beras Kualitas Medium II,10750.0,Rp0
2021-10-05,05 Okt 21,DI Yogyakarta,Beras Kualitas Medium II,10750.0,Rp0
2021-10-06,06 Okt 21,DI Yogyakarta,Beras Kualitas Medium II,10750.0,Rp0
2021-10-07,07 Okt 21,DI Yogyakarta,Beras Kualitas Medium II,10750.0,Rp0
2021-10-08,08 Okt 21,DI Yogyakarta,Beras Kualitas Medium II,10750.0,Rp0
2021-10-09,,,,,
2021-10-10,,,,,
2021-10-11,11 Okt 21,DI Yogyakarta,Beras Kualitas Medium II,10750.0,Rp0
2021-10-12,12 Okt 21,DI Yogyakarta,Beras Kualitas Medium II,10750.0,Rp0
2021-10-13,13 Okt 21,DI Yogyakarta,Beras Kualitas Medium II,10750.0,Rp0
2021-10-14,14 Okt 21,DI Yogyakarta,Beras Kualitas Medium II,10750.0,Rp0
2021-10-15,15 Okt 21,DI Yogyakarta,Beras Kualitas Medium II,10750.0,Rp0
2021-10-16,,,,,
2021-10-17,,,,,
2021-10-18,18 Okt 21,DI Yogyakarta,Beras Kualitas Medium II,10900.0,Rp150
2021-10-19,19 Okt 21,DI Yogyakarta,Beras Kualitas Medium II,10900.0,Rp0
2021-10-20,,,,,
2021-10-21,21 Okt 21,DI Yogyakarta,Beras Kualitas Medium II,10900.0,
2021-10-22,22 Okt 21,DI Yogyakarta,Beras Kualitas Medium II,10900.0,Rp0
2021-10-23,,,,,
2021-10-24,,,,,
2021-10-25,25 Okt 21,DI Yogyakarta,Beras Kualitas Medium II,10900.0,Rp0
2021-10-26,26 Okt 21,DI Yogyakarta,Beras Kualitas Medium II,10900.0,Rp0
2021-10-27,27 Okt 21,DI Yogyakarta,Beras Kualitas Medium II,10900.0,Rp0
2021-10-28,28 Okt 21,DI Yogyakarta,Beras Kualitas Medium II,10900.0,Rp0
2021-10-29,29 Okt 21,DI Yogyakarta,Beras Kualitas Medium II,10900.0,Rp0
2021-10-30,,,,,
2021-10-31,,,,,
2021-11-01,01 Nov 21,DI Yogyakarta,Beras Kualitas Medium II,10900.0,Rp0
2021-11-02,02 Nov 21,DI Yogyakarta,Beras Kualitas Medium II,10900.0,Rp0
2021-11-03,03 Nov 21,DI Yogyakarta,Beras Kualitas Medium II,10900.0,Rp0
2021-11-04,04 Nov 21,DI Yogyakarta,Beras Kualitas Medium II,10900.0,Rp0
2021-11-05,05 Nov 21,DI Yogyakarta,Beras Kualitas Medium II,10900.0,Rp0
2021-11-06,,,,,
2021-11-07,,,,,
2021-11-08,08 Nov 21,DI Yogyakarta,Beras Kualitas Medium II,10900.0,
2021-11-09,09 Nov 21,DI Yogyakarta,Beras Kualitas Medium II,10900.0,Rp0
2021-11-10,10 Nov 21,DI Yogyakarta,Beras Kualitas Medium II,10900.0,Rp0
2021-11-11,11 Nov 21,DI Yogyakarta,Beras Kualitas Medium II,10900.0,Rp0
2021-11-12,12 Nov 21,DI Yogyakarta,Beras Kualitas Medium II,10900.0,Rp0
2021-11-13,,,,,
2021-11-14,,,,,
2021-11-15,15 Nov 21,DI Yogyakarta,Beras Kualitas Medium II,10900.0,Rp0
2021-11-16,16 Nov 21,DI Yogyakarta,Beras Kualitas Medium II,10900.0,Rp0
2021-11-17,17 Nov 21,DI Yogyakarta,Beras Kualitas Medium II,10900.0,Rp0
2021-11-18,18 Nov 21,DI Yogyakarta,Beras Kualitas Medium II,10900.0,Rp0
2021-11-19,19 Nov 21,DI Yogyakarta,Beras Kualitas Medium II,10900.0,Rp0
2021-11-20,,,,,
2021-11-21,,,,,
2021-11-22,22 Nov 21,DI Yogyakarta,Beras Kualitas Medium II,10900.0,
2021-11-23,23 Nov 21,DI Yogyakarta,Beras Kualitas Medium II,10900.0,Rp0
2021-11-24,24 Nov 21,DI Yogyakarta,Beras Kualitas Medium II,10900.0,Rp0
2021-11-25,25 Nov 21,DI Yogyakarta,Beras Kualitas Medium II,10900.0,Rp0
2021-11-26,26 Nov 21,DI Yogyakarta,Beras Kualitas Medium II,10900.0,Rp0
2021-11-27,,,,,
2021-11-28,,,,,
2021-11-29,29 Nov 21,DI Yogyakarta,Beras Kualitas Medium II,10900.0,Rp0
2021-11-30,30 Nov 21,DI Yogyakarta,Beras Kualitas Medium II,10900.0,Rp0
2021-12-01,01 Des 21,DI Yogyakarta,Beras Kualitas Medium II,10900.0,Rp0
2021-12-02,02 Des 21,DI Yogyakarta,Beras Kualitas Medium II,10900.0,Rp0
2021-12-03,03 Des 21,DI Yogyakarta,Beras Kualitas Medium II,10900.0,Rp0
2021-12-04,,,,,
2021-12-05,,,,,
2021-12-06,06 Des 21,DI Yogyakarta,Beras Kualitas Medium II,10900.0,
2021-12-07,07 Des 21,DI Yogyakarta,Beras Kualitas Medium II,10900.0,Rp0
2021-12-08,08 Des 21,DI Yogyakarta,Beras Kualitas Medium II,10900.0,Rp0
2021-12-09,09 Des 21,DI Yogyakarta,Beras Kualitas Medium II,10900.0,Rp0
2021-12-10,10 Des 21,DI Yogyakarta,Beras Kualitas Medium II,10900.0,Rp0
2021-12-11,,,,,
2021-12-12,,,,,
2021-12-13,13 Des 21,DI Yogyakarta,Beras Kualitas Medium II,10900.0,Rp0
2021-12-14,14 Des 21,DI Yogyakarta,Beras Kualitas Medium II,10900.0,Rp0
2021-12-15,15 Des 21,DI Yogyakarta,Beras Kualitas Medium II,10900.0,Rp0
2021-12-16,16 Des 21,DI Yogyakarta,Beras Kualitas Medium II,10900.0,Rp0
2021-12-17,17 Des 21,DI Yogyakarta,Beras Kualitas Medium II,10900.0,Rp0
2021-12-18,,,,,
2021-12-19,,,,,
2021-12-20,20 Des 21,DI Yogyakarta,Beras Kualitas Medium II,10900.0,
2021-12-21,21 Des 21,DI Yogyakarta,Beras Kualitas Medium II,10900.0,Rp0
2021-12-22,22 Des 21,DI Yogyakarta,Beras Kualitas Medium II,10900.0,Rp0
2021-12-23,23 Des 21,DI Yogyakarta,Beras Kualitas Medium II,10900.0,Rp0
2021-12-24,24 Des 21,DI Yogyakarta,Beras Kualitas Medium II,10900.0,Rp0
2021-12-25,,,,,
2021-12-26,,,,,
2021-12-27,27 Des 21,DI Yogyakarta,Beras Kualitas Medium II,11150.0,Rp250
2021-12-28,28 Des 21,DI Yogyakarta,Beras Kualitas Medium II,11150.0,Rp0
2021-12-29,29 Des 21,DI Yogyakarta,Beras Kualitas Medium II,11150.0,Rp0
2021-12-30,30 Des 21,DI Yogyakarta,Beras Kualitas Medium II,11150.0,Rp0
2021-12-31,31 Des 21,DI Yogyakarta,Beras Kualitas Medium II,11150.0,Rp0
2022-01-01,,,,,
2022-01-02,,,,,
2022-01-03,03 Jan 22,DI Yogyakarta,Beras Kualitas Medium II,11150.0,Rp0
2022-01-04,04 Jan 22,DI Yogyakarta,Beras Kualitas Medium II,11150.0,Rp0
2022-01-05,05 Jan 22,DI Yogyakarta,Beras Kualitas Medium II,11150.0,Rp0
2022-01-06,06 Jan 22,DI Yogyakarta,Beras Kualitas Medium II,11150.0,Rp0
2022-01-07,07 Jan 22,DI Yogyakarta,Beras Kualitas Medium II,11150.0,Rp0
2022-01-08,,,,,
2022-01-09,,,,,
2022-01-10,10 Jan 22,DI Yogyakarta,Beras Kualitas Medium II,11150.0,Rp0
2022-01-11,11 Jan 22,DI Yogyakarta,Beras Kualitas Medium II,11150.0,Rp0
2022-01-12,12 Jan 22,DI Yogyakarta,Beras Kualitas Medium II,11150.0,Rp0
2022-01-13,13 Jan 22,DI Yogyakarta,Beras Kualitas Medium II,11150.0,Rp0
2022-01-14,14 Jan 22,DI Yogyakarta,Beras Kualitas Medium II,11150.0,Rp0
2022-01-15,,,,,
2022-01-16,,,,,
2022-01-17,17 Jan 22,DI Yogyakarta,Beras Kualitas Medium II,11150.0,
2022-01-18,18 Jan 22,DI Yogyakarta,Beras Kualitas Medium II,11150.0,Rp0
2022-01-19,19 Jan 22,DI Yogyakarta,Beras Kualitas Medium II,11150.0,Rp0
2022-01-20,20 Jan 22,DI Yogyakarta,Beras Kualitas Medium II,11150.0,Rp0
2022-01-21,21 Jan 22,DI Yogyakarta,Beras Kualitas Medium II,11150.0,Rp0
2022-01-22,,,,,
2022-01-23,,,,,
2022-01-24,24 Jan 22,DI Yogyakarta,Beras Kualitas Medium II,11150.0,Rp0
2022-01-25,25 Jan 22,DI Yogyakarta,Beras Kualitas Medium II,11150.0,Rp0
2022-01-26,26 Jan 22,DI Yogyakarta,Beras Kualitas Medium II,11150.0,Rp0
2022-01-27,27 Jan 22,DI Yogyakarta,Beras Kualitas Medium II,11150.0,Rp0
2022-01-28,28 Jan 22,DI Yogyakarta,Beras Kualitas Medium II,11150.0,Rp0
2022-01-29,,,,,
2022-01-30,,,,,
2022-01-31,31 Jan 22,DI Yogyakarta,Beras Kualitas Medium II,11150.0,Rp0
2022-02-01,,,,,
2022-02-02,02 Feb 22,DI Yogyakarta,Beras Kualitas Medium II,11150.0,
2022-02-03,03 Feb 22,DI Yogyakarta,Beras Kualitas Medium II,11150.0,Rp0
2022-02-04,04 Feb 22,DI Yogyakarta,Beras Kualitas Medium II,11150.0,Rp0
2022-02-05,,,,,
2022-02-06,,,,,
2022-02-07,07 Feb 22,DI Yogyakarta,Beras Kualitas Medium II,11150.0,Rp0
2022-02-08,08 Feb 22,DI Yogyakarta,Beras Kualitas Medium II,11150.0,Rp0
2022-02-09,09 Feb 22,DI Yogyakarta,Beras Kualitas Medium II,11150.0,Rp0
2022-02-10,10 Feb 22,DI Yogyakarta,Beras Kualitas Medium II,11150.0,Rp0
2022-02-11,11 Feb 22,DI Yogyakarta,Beras Kualitas Medium II,11150.0,Rp0
2022-02-12,,,,,
2022-02-13,,,,,
2022-02-14,14 Feb 22,DI Yogyakarta,Beras Kualitas Medium II,11150.0,Rp0
2022-02-15,15 Feb 22,DI Yogyakarta,Beras Kualitas Medium II,11150.0,Rp0
2022-02-16,16 Feb 22,DI Yogyakarta,Beras Kualitas Medium II,11150.0,Rp0
2022-02-17,17 Feb 22,DI Yogyakarta,Beras Kualitas Medium II,11150.0,Rp0
2022-02-18,18 Feb 22,DI Yogyakarta,Beras Kualitas Medium II,11150.0,Rp0
2022-02-19,,,,,
2022-02-20,,,,,
2022-02-21,21 Feb 22,DI Yogyakarta,Beras Kualitas Medium II,11150.0,
2022-02-22,22 Feb 22,DI Yogyakarta,Beras Kualitas Medium II,11150.0,Rp0
2022-02-23,23 Feb 22,DI Yogyakarta,Beras Kualitas Medium II,11150.0,Rp0
2022-02-24,24 Feb 22,DI Yogyakarta,Beras Kualitas Medium II,11150.0,Rp0
2022-02-25,25 Feb 22,DI Yogyakarta,Beras Kualitas Medium II,11150.0,Rp0
2022-02-26,,,,,
2022-02-27,,,,,
2022-02-28,,,,,
2022-03-01,01 Mar 22,DI Yogyakarta,Beras Kualitas Medium II,11150.0,
2022-03-02,02 Mar 22,DI Yogyakarta,Beras Kualitas Medium II,11150.0,Rp0
2022-03-03,,,,,
2022-03-04,04 Mar 22,DI Yogyakarta,Beras Kualitas Medium II,11150.0,
2022-03-05,,,,,
2022-03-06,,,,,
2022-03-07,07 Mar 22,DI Yogyakarta,Beras Kualitas Medium II,11150.0,Rp0
2022-03-08,08 Mar 22,DI Yogyakarta,Beras Kualitas Medium II,11150.0,Rp0
2022-03-09,09 Mar 22,DI Yogyakarta,Beras Kualitas Medium II,11150.0,Rp0
2022-03-10,10 Mar 22,DI Yogyakarta,Beras Kualitas Medium II,11150.0,Rp0
2022-03-11,11 Mar 22,DI Yogyakarta,Beras Kualitas Medium II,11150.0,Rp0
2022-03-12,,,,,
2022-03-13,,,,,
2022-03-14,14 Mar 22,DI Yogyakarta,Beras Kualitas Medium II,11150.0,Rp0
2022-03-15,15 Mar 22,DI Yogyakarta,Beras Kualitas Medium II,11150.0,Rp0
2022-03-16,16 Mar 22,DI Yogyakarta,Beras Kualitas Medium II,11150.0,Rp0
2022-03-17,17 Mar 22,DI Yogyakarta,Beras Kualitas Medium II,11150.0,Rp0
2022-03-18,18 Mar 22,DI Yogyakarta,Beras Kualitas Medium II,11150.0,Rp0
2022-03-19,,,,,
2022-03-20,,,,,
2022-03-21,21 Mar 22,DI Yogyakarta,Beras Kualitas Medium II,11150.0,Rp0
2022-03-22,22 Mar 22,DI Yogyakarta,Beras Kualitas Medium II,11150.0,Rp0
2022-03-23,23 Mar 22,DI Yogyakarta,Beras Kualitas Medium II,11150.0,Rp0
2022-03-24,24 Mar 22,DI Yogyakarta,Beras Kualitas Medium II,11150.0,Rp0
2022-03-25,25 Mar 22,DI Yogyakarta,Beras Kualitas Medium II,11150.0,Rp0
2022-03-26,,,,,
2022-03-27,,,,,
2022-03-28,28 Mar 22,DI Yogyakarta,Beras Kualitas Medium II,11150.0,Rp0
2022-03-29,29 Mar 22,DI Yogyakarta,Beras Kualitas Medium II,11150.0,Rp0
2022-03-30,30 Mar 22,DI Yogyakarta,Beras Kualitas Medium II,11150.0,Rp0
2022-03-31,31 Mar 22,DI Yogyakarta,Beras Kualitas Medium II,11150.0,Rp0
2022-04-01,01 Apr 22,DI Yogyakarta,Beras Kualitas Medium II,11150.0,Rp0
2022-04-02,,,,,
2022-04-03,,,,,
2022-04-04,04 Apr 22,DI Yogyakarta,Beras Kualitas Medium II,11150.0,
2022-04-05,05 Apr 22,DI Yogyakarta,Beras Kualitas Medium II,11150.0,Rp0
2022-04-06,06 Apr 22,DI Yogyakarta,Beras Kualitas Medium II,11150.0,Rp0
2022-04-07,07 Apr 22,DI Yogyakarta,Beras Kualitas Medium II,11150.0,Rp0
2022-04-08,08 Apr 22,DI Yogyakarta,Beras Kualitas Medium II,11150.0,Rp0
2022-04-09,,,,,
2022-04-10,,,,,
2022-04-11,11 Apr 22,DI Yogyakarta,Beras Kualitas Medium II,11150.0,Rp0
2022-04-12,12 Apr 22,DI Yogyakarta,Beras Kualitas Medium II,11150.0,Rp0
2022-04-13,13 Apr 22,DI Yogyakarta,Beras Kualitas Medium II,11150.0,Rp0
2022-04-14,14 Apr 22,DI Yogyakarta,Beras Kualitas Medium II,11150.0,Rp0
2022-04-15,,,,,
2022-04-16,,,,,
2022-04-17,,,,,
2022-04-18,18 Apr 22,DI Yogyakarta,Beras Kualitas Medium II,11150.0,
2022-04-19,19 Apr 22,DI Yogyakarta,Beras Kualitas Medium II,11150.0,Rp0
2022-04-20,20 Apr 22,DI Yogyakarta,Beras Kualitas Medium II,11150.0,Rp0
2022-04-21,21 Apr 22,DI Yogyakarta,Beras Kualitas Medium II,11150.0,Rp0
2022-04-22,22 Apr 22,DI Yogyakarta,Beras Kualitas Medium II,11150.0,Rp0
2022-04-23,,,,,
2022-04-24,,,,,
2022-04-25,25 Apr 22,DI Yogyakarta,Beras Kualitas Medium II,11150.0,Rp0
2022-04-26,26 Apr 22,DI Yogyakarta,Beras Kualitas Medium II,11150.0,Rp0
2022-04-27,27 Apr 22,DI Yogyakarta,Beras Kualitas Medium II,11150.0,Rp0
2022-04-28,28 Apr 22,DI Yogyakarta,Beras Kualitas Medium II,11150.0,Rp0
2022-04-29,,,,,
2022-04-30,,,,,
2022-05-01,,,,,
2022-05-02,,,,,
2022-05-03,,,,,
2022-05-04,,,,,
2022-05-05,,,,,
2022-05-06,,,,,
2022-05-07,,,,,
2022-05-08,,,,,
2022-05-09,09 Mei 22,DI Yogyakarta,Beras Kualitas Medium II,11150.0,
2022-05-10,10 Mei 22,DI Yogyakarta,Beras Kualitas Medium II,11150.0,Rp0
2022-05-11,11 Mei 22,DI Yogyakarta,Beras Kualitas Medium II,11150.0,Rp0
2022-05-12,12 Mei 22,DI Yogyakarta,Beras Kualitas Medium II,11150.0,Rp0
2022-05-13,13 Mei 22,DI Yogyakarta,Beras Kualitas Medium II,11150.0,Rp0
2022-05-14,,,,,
2022-05-15,,,,,
2022-05-16,,,,,
2022-05-17,17 Mei 22,DI Yogyakarta,Beras Kualitas Medium II,11150.0,
2022-05-18,18 Mei 22,DI Yogyakarta,Beras Kualitas Medium II,11150.0,Rp0
2022-05-19,19 Mei 22,DI Yogyakarta,Beras Kualitas Medium II,11150.0,Rp0
2022-05-20,20 Mei 22,DI Yogyakarta,Beras Kualitas Medium II,11150.0,Rp0
2022-05-21,,,,,
2022-05-22,,,,,
2022-05-23,23 Mei 22,DI Yogyakarta,Beras Kualitas Medium II,11150.0,Rp0
2022-05-24,24 Mei 22,DI Yogyakarta,Beras Kualitas Medium II,11150.0,Rp0
2022-05-25,25 Mei 22,DI Yogyakarta,Beras Kualitas Medium II,11150.0,Rp0
2022-05-26,,,,,
2022-05-27,27 Mei 22,DI Yogyakarta,Beras Kualitas Medium II,11150.0,
2022-05-28,,,,,
2022-05-29,,,,,
2022-05-30,30 Mei 22,DI Yogyakarta,Beras Kualitas Medium II,11150.0,Rp0
2022-05-31,31 Mei 22,DI Yogyakarta,Beras Kualitas Medium II,11150.0,Rp0
2022-06-01,,,,,
2022-06-02,02 Jun 22,DI Yogyakarta,Beras Kualitas Medium II,11150.0,
2022-06-03,03 Jun 22,DI Yogyakarta,Beras Kualitas Medium II,11150.0,Rp0
2022-06-04,,,,,
2022-06-05,,,,,
2022-06-06,06 Jun 22,DI Yogyakarta,Beras Kualitas Medium II,11150.0,Rp0
2022-06-07,07 Jun 22,DI Yogyakarta,Beras Kualitas Medium II,11150.0,Rp0
2022-06-08,08 Jun 22,DI Yogyakarta,Beras Kualitas Medium II,11150.0,Rp0
2022-06-09,09 Jun 22,DI Yogyakarta,Beras Kualitas Medium II,11150.0,Rp0
2022-06-10,10 Jun 22,DI Yogyakarta,Beras Kualitas Medium II,11150.0,Rp0
2022-06-11,,,,,
2022-06-12,,,,,
2022-06-13,13 Jun 22,DI Yogyakarta,Beras Kualitas Medium II,11150.0,Rp0
2022-06-14,14 Jun 22,DI Yogyakarta,Beras Kualitas Medium II,11150.0,Rp0
2022-06-15,15 Jun 22,DI Yogyakarta,Beras Kualitas Medium II,11150.0,Rp0
2022-06-16,16 Jun 22,DI Yogyakarta,Beras Kualitas Medium II,11150.0,Rp0
2022-06-17,17 Jun 22,DI Yogyakarta,Beras Kualitas Medium II,11150.0,Rp0
2022-06-18,,,,,
2022-06-19,,,,,
2022-06-20,20 Jun 22,DI Yogyakarta,Beras Kualitas Medium II,11150.0,Rp0
2022-06-21,21 Jun 22,DI Yogyakarta,Beras Kualitas Medium II,11150.0,Rp0
2022-06-22,22 Jun 22,DI Yogyakarta,Beras Kualitas Medium II,11150.0,Rp0
2022-06-23,23 Jun 22,DI Yogyakarta,Beras Kualitas Medium II,11150.0,Rp0
2022-06-24,24 Jun 22,DI Yogyakarta,Beras Kualitas Medium II,11150.0,Rp0
2022-06-25,,,,,
2022-06-26,,,,,
2022-06-27,27 Jun 22,DI Yogyakarta,Beras Kualitas Medium II,11150.0,Rp0
2022-06-28,28 Jun 22,DI Yogyakarta,Beras Kualitas Medium II,11150.0,Rp0
2022-06-29,29 Jun 22,DI Yogyakarta,Beras Kualitas Medium II,11150.0,Rp0
2022-06-30,30 Jun 22,DI Yogyakarta,Beras Kualitas Medium II,11150.0,Rp0
2022-07-01,01 Jul 22,DI Yogyakarta,Beras Kualitas Medium II,11150.0,Rp0
2022-07-02,,,,,
2022-07-03,,,,,
2022-07-04,04 Jul 22,DI Yogyakarta,Beras Kualitas Medium II,11150.0,Rp0
2022-07-05,05 Jul 22,DI Yogyakarta,Beras Kualitas Medium II,11150.0,Rp0
2022-07-06,06 Jul 22,DI Yogyakarta,Beras Kualitas Medium II,11150.0,Rp0
2022-07-07,07 Jul 22,DI Yogyakarta,Beras Kualitas Medium II,11150.0,Rp0
2022-07-08,08 Jul 22,DI Yogyakarta,Beras Kualitas Medium II,11150.0,Rp0
2022-07-09,,,,,
2022-07-10,,,,,
2022-07-11,11 Jul 22,DI Yogyakarta,Beras Kualitas Medium II,11150.0,Rp0
2022-07-12,12 Jul 22,DI Yogyakarta,Beras Kualitas Medium II,11150.0,Rp0
2022-07-13,13 Jul 22,DI Yogyakarta,Beras Kualitas Medium II,11150.0,Rp0
2022-07-14,14 Jul 22,DI Yogyakarta,Beras Kualitas Medium II,11150.0,Rp0
2022-07-15,15 Jul 22,DI Yogyakarta,Beras Kualitas Medium II,11150.0,Rp0
2022-07-16,,,,,
2022-07-17,,,,,
2022-07-18,18 Jul 22,DI Yogyakarta,Beras Kualitas Medium II,11150.0,Rp0
2022-07-19,19 Jul 22,DI Yogyakarta,Beras Kualitas Medium II,11150.0,Rp0
2022-07-20,20 Jul 22,DI Yogyakarta,Beras Kualitas Medium II,11150.0,Rp0
2022-07-21,21 Jul 22,DI Yogyakarta,Beras Kualitas Medium II,11150.0,Rp0
2022-07-22,22 Jul 22,DI Yogyakarta,Beras Kualitas Medium II,11150.0,Rp0
2022-07-23,,,,,
2022-07-24,,,,,
2022-07-25,25 Jul 22,DI Yogyakarta,Beras Kualitas Medium II,11150.0,Rp0
2022-07-26,26 Jul 22,DI Yogyakarta,Beras Kualitas Medium II,11150.0,Rp0
2022-07-27,27 Jul 22,DI Yogyakarta,Beras Kualitas Medium II,11150.0,Rp0
2022-07-28,28 Jul 22,DI Yogyakarta,Beras Kualitas Medium II,11150.0,Rp0
2022-07-29,29 Jul 22,DI Yogyakarta,Beras Kualitas Medium II,11150.0,Rp0
2022-07-30,,,,,
2022-07-31,,,,,
2022-08-01,01 Agt 22,DI Yogyakarta,Beras Kualitas Medium II,11150.0,Rp0
2022-08-02,02 Agt 22,DI Yogyakarta,Beras Kualitas Medium II,11150.0,Rp0
2022-08-03,03 Agt 22,DI Yogyakarta,Beras Kualitas Medium II,11150.0,Rp0
2022-08-04,04 Agt 22,DI Yogyakarta,Beras Kualitas Medium II,11150.0,Rp0
2022-08-05,05 Agt 22,DI Yogyakarta,Beras Kualitas Medium II,11150.0,Rp0
2022-08-06,,,,,
2022-08-07,,,,,
2022-08-08,08 Agt 22,DI Yogyakarta,Beras Kualitas Medium II,11150.0,Rp0
2022-08-09,09 Agt 22,DI Yogyakarta,Beras Kualitas Medium II,11150.0,Rp0
2022-08-10,10 Agt 22,DI Yogyakarta,Beras Kualitas Medium II,11150.0,Rp0
2022-08-11,11 Agt 22,DI Yogyakarta,Beras Kualitas Medium II,11150.0,Rp0
2022-08-12,12 Agt 22,DI Yogyakarta,Beras Kualitas Medium II,11150.0,Rp0
2022-08-13,,,,,
2022-08-14,,,,,
2022-08-15,15 Agt 22,DI Yogyakarta,Beras Kualitas Medium II,11150.0,Rp0
2022-08-16,16 Agt 22,DI Yogyakarta,Beras Kualitas Medium II,11150.0,Rp0
2022-08-17,,,,,
2022-08-18,18 Agt 22,DI Yogyakarta,Beras Kualitas Medium II,11150.0,
2022-08-19,19 Agt 22,DI Yogyakarta,Beras Kualitas Medium II,11150.0,Rp0
2022-08-20,,,,,
2022-08-21,,,,,
2022-08-22,22 Agt 22,DI Yogyakarta,Beras Kualitas Medium II,11150.0,Rp0
2022-08-23,23 Agt 22,DI Yogyakarta,Beras Kualitas Medium II,11150.0,Rp0
2022-08-24,24 Agt 22,DI Yogyakarta,Beras Kualitas Medium II,11150.0,Rp0
2022-08-25,25 Agt 22,DI Yogyakarta,Beras Kualitas Medium II,11150.0,Rp0
2022-08-26,26 Agt 22,DI Yogyakarta,Beras Kualitas Medium II,11150.0,Rp0
2022-08-27,,,,,
2022-08-28,,,,,
2022-08-29,29 Agt 22,DI Yogyakarta,Beras Kualitas Medium II,11150.0,Rp0
2022-08-30,30 Agt 22,DI Yogyakarta,Beras Kualitas Medium II,11150.0,Rp0
2022-08-31,31 Agt 22,DI Yogyakarta,Beras Kualitas Medium II,11150.0,Rp0
2022-09-01,01 Sep 22,DI Yogyakarta,Beras Kualitas Medium II,11150.0,Rp0
2022-09-02,02 Sep 22,DI Yogyakarta,Beras Kualitas Medium II,11150.0,Rp0
2022-09-03,,,,,
2022-09-04,,,,,
2022-09-05,05 Sep 22,DI Yogyakarta,Beras Kualitas Medium II,11150.0,Rp0
2022-09-06,06 Sep 22,DI Yogyakarta,Beras Kualitas Medium II,11150.0,Rp0
2022-09-07,07 Sep 22,DI Yogyakarta,Beras Kualitas Medium II,11150.0,Rp0
2022-09-08,08 Sep 22,DI Yogyakarta,Beras Kualitas Medium II,11150.0,Rp0
2022-09-09,09 Sep 22,DI Yogyakarta,Beras Kualitas Medium II,11150.0,Rp0
2022-09-10,,,,,
2022-09-11,,,,,
2022-09-12,12 Sep 22,DI Yogyakarta,Beras Kualitas Medium II,11150.0,Rp0
2022-09-13,13 Sep 22,DI Yogyakarta,Beras Kualitas Medium II,11400.0,Rp250
2022-09-14,14 Sep 22,DI Yogyakarta,Beras Kualitas Medium II,11400.0,Rp0
2022-09-15,15 Sep 22,DI Yogyakarta,Beras Kualitas Medium II,11400.0,Rp0
2022-09-16,16 Sep 22,DI Yogyakarta,Beras Kualitas Medium II,11400.0,Rp0
2022-09-17,,,,,
2022-09-18,,,,,
2022-09-19,19 Sep 22,DI Yogyakarta,Beras Kualitas Medium II,11400.0,Rp0
2022-09-20,20 Sep 22,DI Yogyakarta,Beras Kualitas Medium II,11400.0,Rp0
2022-09-21,21 Sep 22,DI Yogyakarta,Beras Kualitas Medium II,11400.0,Rp0
2022-09-22,22 Sep 22,DI Yogyakarta,Beras Kualitas Medium II,11400.0,Rp0
2022-09-23,23 Sep 22,DI Yogyakarta,Beras Kualitas Medium II,11400.0,Rp0
2022-09-24,,,,,
2022-09-25,,,,,
2022-09-26,26 Sep 22,DI Yogyakarta,Beras Kualitas Medium II,11400.0,Rp0
2022-09-27,27 Sep 22,DI Yogyakarta,Beras Kualitas Medium II,11400.0,Rp0
2022-09-28,28 Sep 22,DI Yogyakarta,Beras Kualitas Medium II,11400.0,Rp0
2022-09-29,29 Sep 22,DI Yogyakarta,Beras Kualitas Medium II,11400.0,Rp0
2022-09-30,30 Sep 22,DI Yogyakarta,Beras Kualitas Medium II,11400.0,Rp0
2022-10-01,,,,,
2022-10-02,,,,,
2022-10-03,03 Okt 22,DI Yogyakarta,Beras Kualitas Medium II,11400.0,Rp0
2022-10-04,04 Okt 22,DI Yogyakarta,Beras Kualitas Medium II,11400.0,Rp0
2022-10-05,05 Okt 22,DI Yogyakarta,Beras Kualitas Medium II,11400.0,Rp0
2022-10-06,06 Okt 22,DI Yogyakarta,Beras Kualitas Medium II,11400.0,Rp0
2022-10-07,07 Okt 22,DI Yogyakarta,Beras Kualitas Medium II,11400.0,Rp0
2022-10-08,,,,,
2022-10-09,,,,,
2022-10-10,10 Okt 22,DI Yogyakarta,Beras Kualitas Medium II,11400.0,Rp0
2022-10-11,11 Okt 22,DI Yogyakarta,Beras Kualitas Medium II,11400.0,Rp0
2022-10-12,12 Okt 22,DI Yogyakarta,Beras Kualitas Medium II,11400.0,Rp0
2022-10-13,13 Okt 22,DI Yogyakarta,Beras Kualitas Medium II,11400.0,Rp0
2022-10-14,14 Okt 22,DI Yogyakarta,Beras Kualitas Medium II,11400.0,Rp0
2022-10-15,,,,,
2022-10-16,,,,,
2022-10-17,17 Okt 22,DI Yogyakarta,Beras Kualitas Medium II,11400.0,Rp0
2022-10-18,18 Okt 22,DI Yogyakarta,Beras Kualitas Medium II,11400.0,Rp0
2022-10-19,19 Okt 22,DI Yogyakarta,Beras Kualitas Medium II,11400.0,Rp0
2022-10-20,20 Okt 22,DI Yogyakarta,Beras Kualitas Medium II,11400.0,Rp0
2022-10-21,21 Okt 22,DI Yogyakarta,Beras Kualitas Medium II,11400.0,Rp0
2022-10-22,,,,,
2022-10-23,,,,,
2022-10-24,24 Okt 22,DI Yogyakarta,Beras Kualitas Medium II,11400.0,Rp0
2022-10-25,25 Okt 22,DI Yogyakarta,Beras Kualitas Medium II,11400.0,Rp0
2022-10-26,26 Okt 22,DI Yogyakarta,Beras Kualitas Medium II,11400.0,Rp0
2022-10-27,27 Okt 22,DI Yogyakarta,Beras Kualitas Medium II,11400.0,Rp0
2022-10-28,28 Okt 22,DI Yogyakarta,Beras Kualitas Medium II,11400.0,Rp0
2022-10-29,,,,,
2022-10-30,,,,,
2022-10-31,31 Okt 22,DI Yogyakarta,Beras Kualitas Medium II,11400.0,Rp0
2022-11-01,01 Nov 22,DI Yogyakarta,Beras Kualitas Medium II,11400.0,Rp0
2022-11-02,02 Nov 22,DI Yogyakarta,Beras Kualitas Medium II,11400.0,Rp0
2022-11-03,03 Nov 22,DI Yogyakarta,Beras Kualitas Medium II,11400.0,Rp0
2022-11-04,04 Nov 22,DI Yogyakarta,Beras Kualitas Medium II,11400.0,Rp0
2022-11-05,,,,,
2022-11-06,,,,,
2022-11-07,07 Nov 22,DI Yogyakarta,Beras Kualitas Medium II,11400.0,
2022-11-08,08 Nov 22,DI Yogyakarta,Beras Kualitas Medium II,11400.0,Rp0
2022-11-09,09 Nov 22,DI Yogyakarta,Beras Kualitas Medium II,11400.0,Rp0
2022-11-10,10 Nov 22,DI Yogyakarta,Beras Kualitas Medium II,11400.0,Rp0
2022-11-11,11 Nov 22,DI Yogyakarta,Beras Kualitas Medium II,11400.0,Rp0
2022-11-12,,,,,
2022-11-13,,,,,
2022-11-14,14 Nov 22,DI Yogyakarta,Beras Kualitas Medium II,11650.0,Rp250
2022-11-15,15 Nov 22,DI Yogyakarta,Beras Kualitas Medium II,11650.0,Rp0
2022-11-16,16 Nov 22,DI Yogyakarta,Beras Kualitas Medium II,11650.0,Rp0
2022-11-17,17 Nov 22,DI Yogyakarta,Beras Kualitas Medium II,11650.0,Rp0
2022-11-18,18 Nov 22,DI Yogyakarta,Beras Kualitas Medium II,11650.0,Rp0
2022-11-19,,,,,
2022-11-20,,,,,
2022-11-21,21 Nov 22,DI Yogyakarta,Beras Kualitas Medium II,11650.0,Rp0
2022-11-22,22 Nov 22,DI Yogyakarta,Beras Kualitas Medium II,11650.0,Rp0
2022-11-23,23 Nov 22,DI Yogyakarta,Beras Kualitas Medium II,11650.0,Rp0
2022-11-24,24 Nov 22,DI Yogyakarta,Beras Kualitas Medium II,11650.0,Rp0
2022-11-25,25 Nov 22,DI Yogyakarta,Beras Kualitas Medium II,11650.0,Rp0
2022-11-26,,,,,
2022-11-27,,,,,
2022-11-28,28 Nov 22,DI Yogyakarta,Beras Kualitas Medium II,11650.0,Rp0
2022-11-29,29 Nov 22,DI Yogyakarta,Beras Kualitas Medium II,11650.0,Rp0
2022-11-30,30 Nov 22,DI Yogyakarta,Beras Kualitas Medium II,11650.0,Rp0
2022-12-01,01 Des 22,DI Yogyakarta,Beras Kualitas Medium II,11650.0,Rp0
2022-12-02,02 Des 22,DI Yogyakarta,Beras Kualitas Medium II,11650.0,Rp0
2022-12-03,,,,,
2022-12-04,,,,,
2022-12-05,05 Des 22,DI Yogyakarta,Beras Kualitas Medium II,11900.0,Rp250
2022-12-06,06 Des 22,DI Yogyakarta,Beras Kualitas Medium II,11900.0,Rp0
2022-12-07,07 Des 22,DI Yogyakarta,Beras Kualitas Medium II,12250.0,Rp350
2022-12-08,08 Des 22,DI Yogyakarta,Beras Kualitas Medium II,12250.0,Rp0
2022-12-09,09 Des 22,DI Yogyakarta,Beras Kualitas Medium II,12250.0,Rp0
2022-12-10,,,,,
2022-12-11,,,,,
2022-12-12,12 Des 22,DI Yogyakarta,Beras Kualitas Medium II,12250.0,Rp0
2022-12-13,13 Des 22,DI Yogyakarta,Beras Kualitas Medium II,12250.0,Rp0
2022-12-14,14 Des 22,DI Yogyakarta,Beras Kualitas Medium II,12250.0,Rp0
2022-12-15,15 Des 22,DI Yogyakarta,Beras Kualitas Medium II,12250.0,Rp0
2022-12-16,16 Des 22,DI Yogyakarta,Beras Kualitas Medium II,12250.0,Rp0
2022-12-17,,,,,
2022-12-18,,,,,
2022-12-19,19 Des 22,DI Yogyakarta,Beras Kualitas Medium II,12250.0,Rp0
2022-12-20,20 Des 22,DI Yogyakarta,Beras Kualitas Medium II,12250.0,Rp0
2022-12-21,21 Des 22,DI Yogyakarta,Beras Kualitas Medium II,12250.0,Rp0
2022-12-22,22 Des 22,DI Yogyakarta,Beras Kualitas Medium II,12250.0,Rp0
2022-12-23,23 Des 22,DI Yogyakarta,Beras Kualitas Medium II,12250.0,Rp0
2022-12-24,,,,,
2022-12-25,,,,,
2022-12-26,26 Des 22,DI Yogyakarta,Beras Kualitas Medium II,12250.0,Rp0
2022-12-27,27 Des 22,DI Yogyakarta,Beras Kualitas Medium II,12250.0,Rp0
2022-12-28,28 Des 22,DI Yogyakarta,Beras Kualitas Medium II,12250.0,Rp0
2022-12-29,29 Des 22,DI Yogyakarta,Beras Kualitas Medium II,12250.0,Rp0
2022-12-30,30 Des 22,DI Yogyakarta,Beras Kualitas Medium II,12250.0,Rp0
2022-12-31,,,,,
2023-01-01,,,,,
2023-01-02,02 Jan 23,DI Yogyakarta,Beras Kualitas Medium II,12250.0,Rp0
2023-01-03,03 Jan 23,DI Yogyakarta,Beras Kualitas Medium II,12250.0,Rp0
2023-01-04,04 Jan 23,DI Yogyakarta,Beras Kualitas Medium II,12250.0,Rp0
2023-01-05,05 Jan 23,DI Yogyakarta,Beras Kualitas Medium II,12250.0,Rp0
2023-01-06,06 Jan 23,DI Yogyakarta,Beras Kualitas Medium II,12250.0,Rp0
2023-01-07,,,,,
2023-01-08,,,,,
2023-01-09,09 Jan 23,DI Yogyakarta,Beras Kualitas Medium II,12250.0,Rp0
2023-01-10,10 Jan 23,DI Yogyakarta,Beras Kualitas Medium II,12250.0,Rp0
2023-01-11,11 Jan 23,DI Yogyakarta,Beras Kualitas Medium II,12250.0,Rp0
2023-01-12,12 Jan 23,DI Yogyakarta,Beras Kualitas Medium II,12250.0,Rp0
2023-01-13,13 Jan 23,DI Yogyakarta,Beras Kualitas Medium II,12250.0,Rp0
2023-01-14,,,,,
2023-01-15,,,,,
2023-01-16,16 Jan 23,DI Yogyakarta,Beras Kualitas Medium II,12500.0,Rp250
2023-01-17,17 Jan 23,DI Yogyakarta,Beras Kualitas Medium II,12500.0,Rp0
2023-01-18,18 Jan 23,DI Yogyakarta,Beras Kualitas Medium II,12500.0,Rp0
2023-01-19,19 Jan 23,DI Yogyakarta,Beras Kualitas Medium II,12500.0,Rp0
2023-01-20,20 Jan 23,DI Yogyakarta,Beras Kualitas Medium II,12500.0,Rp0
2023-01-21,,,,,
2023-01-22,,,,,
2023-01-23,23 Jan 23,DI Yogyakarta,Beras Kualitas Medium II,12500.0,Rp0
2023-01-24,24 Jan 23,DI Yogyakarta,Beras Kualitas Medium II,12500.0,Rp0
2023-01-25,25 Jan 23,DI Yogyakarta,Beras Kualitas Medium II,12500.0,Rp0
2023-01-26,26 Jan 23,DI Yogyakarta,Beras Kualitas Medium II,12500.0,Rp0
2023-01-27,27 Jan 23,DI Yogyakarta,Beras Kualitas Medium II,12500.0,Rp0
2023-01-28,,,,,
2023-01-29,,,,,
2023-01-30,30 Jan 23,DI Yogyakarta,Beras Kualitas Medium II,12500.0,Rp0
2023-01-31,31 Jan 23,DI Yogyakarta,Beras Kualitas Medium II,12500.0,Rp0
2023-02-01,01 Feb 23,DI Yogyakarta,Beras Kualitas Medium II,12500.0,Rp0
2023-02-02,02 Feb 23,DI Yogyakarta,Beras Kualitas Medium II,12500.0,Rp0
2023-02-03,03 Feb 23,DI Yogyakarta,Beras Kualitas Medium II,12500.0,Rp0
2023-02-04,,,,,
2023-02-05,,,,,
2023-02-06,06 Feb 23,DI Yogyakarta,Beras Kualitas Medium II,12650.0,Rp150
2023-02-07,07 Feb 23,DI Yogyakarta,Beras Kualitas Medium II,12900.0,Rp250
2023-02-08,08 Feb 23,DI Yogyakarta,Beras Kualitas Medium II,12900.0,Rp0
2023-02-09,09 Feb 23,DI Yogyakarta,Beras Kualitas Medium II,12900.0,Rp0
2023-02-10,10 Feb 23,DI Yogyakarta,Beras Kualitas Medium II,12900.0,Rp0
2023-02-11,,,,,
2023-02-12,,,,,
2023-02-13,13 Feb 23,DI Yogyakarta,Beras Kualitas Medium II,12900.0,Rp0
2023-02-14,14 Feb 23,DI Yogyakarta,Beras Kualitas Medium II,13150.0,Rp250
2023-02-15,15 Feb 23,DI Yogyakarta,Beras Kualitas Medium II,13150.0,Rp0
2023-02-16,16 Feb 23,DI Yogyakarta,Beras Kualitas Medium II,13150.0,Rp0
2023-02-17,17 Feb 23,DI Yogyakarta,Beras Kualitas Medium II,13150.0,Rp0
2023-02-18,,,,,
2023-02-19,,,,,
2023-02-20,20 Feb 23,DI Yogyakarta,Beras Kualitas Medium II,13150.0,Rp0
2023-02-21,21 Feb 23,DI Yogyakarta,Beras Kualitas Medium II,13150.0,Rp0
2023-02-22,22 Feb 23,DI Yogyakarta,Beras Kualitas Medium II,13150.0,Rp0
2023-02-23,23 Feb 23,DI Yogyakarta,Beras Kualitas Medium II,13150.0,Rp0
2023-02-24,24 Feb 23,DI Yogyakarta,Beras Kualitas Medium II,13150.0,Rp0
2023-02-25,,,,,
2023-02-26,,,,,
2023-02-27,27 Feb 23,DI Yogyakarta,Beras Kualitas Medium II,13150.0,Rp0
2023-02-28,28 Feb 23,DI Yogyakarta,Beras Kualitas Medium II,13150.0,Rp0
2023-03-01,01 Mar 23,DI Yogyakarta,Beras Kualitas Medium II,13150.0,Rp0
2023-03-02,02 Mar 23,DI Yogyakarta,Beras Kualitas Medium II,13150.0,Rp0
2023-03-03,03 Mar 23,DI Yogyakarta,Beras Kualitas Medium II,13150.0,Rp0
2023-03-04,,,,,
2023-03-05,,,,,
2023-03-06,06 Mar 23,DI Yogyakarta,Beras Kualitas Medium II,13150.0,Rp0
2023-03-07,07 Mar 23,DI Yogyakarta,Beras Kualitas Medium II,13150.0,Rp0
2023-03-08,08 Mar 23,DI Yogyakarta,Beras Kualitas Medium II,13150.0,Rp0
2023-03-09,09 Mar 23,DI Yogyakarta,Beras Kualitas Medium II,13150.0,Rp0
2023-03-10,10 Mar 23,DI Yogyakarta,Beras Kualitas Medium II,13150.0,Rp0
2023-03-11,,,,,
2023-03-12,,,,,
2023-03-13,13 Mar 23,DI Yogyakarta,Beras Kualitas Medium II,13150.0,Rp0
2023-03-14,14 Mar 23,DI Yogyakarta,Beras Kualitas Medium II,13150.0,Rp0
2023-03-15,15 Mar 23,DI Yogyakarta,Beras Kualitas Medium II,13150.0,Rp0
2023-03-16,16 Mar 23,DI Yogyakarta,Beras Kualitas Medium II,13150.0,Rp0
2023-03-17,17 Mar 23,DI Yogyakarta,Beras Kualitas Medium II,13150.0,Rp0
2023-03-18,,,,,
2023-03-19,,,,,
2023-03-20,20 Mar 23,DI Yogyakarta,Beras Kualitas Medium II,13150.0,Rp0
2023-03-21,21 Mar 23,DI Yogyakarta,Beras Kualitas Medium II,13150.0,Rp0
2023-03-22,22 Mar 23,DI Yogyakarta,Beras Kualitas Medium II,13150.0,Rp0
2023-03-23,23 Mar 23,DI Yogyakarta,Beras Kualitas Medium II,13150.0,Rp0
2023-03-24,24 Mar 23,DI Yogyakarta,Beras Kualitas Medium II,13150.0,Rp0
2023-03-25,,,,,
2023-03-26,,,,,
2023-03-27,27 Mar 23,DI Yogyakarta,Beras Kualitas Medium II,13150.0,
2023-03-28,28 Mar 23,DI Yogyakarta,Beras Kualitas Medium II,13150.0,Rp0
2023-03-29,29 Mar 23,DI Yogyakarta,Beras Kualitas Medium II,13150.0,Rp0
2023-03-30,30 Mar 23,DI Yogyakarta,Beras Kualitas Medium II,13150.0,Rp0
2023-03-31,31 Mar 23,DI Yogyakarta,Beras Kualitas Medium II,13150.0,Rp0
2023-04-01,,,,,
2023-04-02,,,,,
2023-04-03,03 Apr 23,DI Yogyakarta,Beras Kualitas Medium II,13150.0,
2023-04-04,04 Apr 23,DI Yogyakarta,Beras Kualitas Medium II,13150.0,Rp0
2023-04-05,05 Apr 23,DI Yogyakarta,Beras Kualitas Medium II,13150.0,Rp0
2023-04-06,06 Apr 23,DI Yogyakarta,Beras Kualitas Medium II,13150.0,Rp0
2023-04-07,07 Apr 23,DI Yogyakarta,Beras Kualitas Medium II,13250.0,Rp100
2023-04-08,,,,,
2023-04-09,,,,,
2023-04-10,10 Apr 23,DI Yogyakarta,Beras Kualitas Medium II,13150.0,
2023-04-11,11 Apr 23,DI Yogyakarta,Beras Kualitas Medium II,13150.0,Rp0
2023-04-12,12 Apr 23,DI Yogyakarta,Beras Kualitas Medium II,13150.0,Rp0
2023-04-13,13 Apr 23,DI Yogyakarta,Beras Kualitas Medium II,13150.0,Rp0
2023-04-14,14 Apr 23,DI Yogyakarta,Beras Kualitas Medium II,13150.0,Rp0
2023-04-15,,,,,
2023-04-16,,,,,
2023-04-17,17 Apr 23,DI Yogyakarta,Beras Kualitas Medium II,13150.0,Rp0
2023-04-18,18 Apr 23,DI Yogyakarta,Beras Kualitas Medium II,13150.0,Rp0
2023-04-19,19 Apr 23,DI Yogyakarta,Beras Kualitas Medium II,13150.0,Rp0
2023-04-20,20 Apr 23,DI Yogyakarta,Beras Kualitas Medium II,13150.0,Rp0
2023-04-21,21 Apr 23,DI Yogyakarta,Beras Kualitas Medium II,13150.0,Rp0
2023-04-22,,,,,
2023-04-23,,,,,
2023-04-24,24 Apr 23,DI Yogyakarta,Beras Kualitas Medium II,13150.0,
2023-04-25,25 Apr 23,DI Yogyakarta,Beras Kualitas Medium II,13150.0,Rp0
2023-04-26,26 Apr 23,DI Yogyakarta,Beras Kualitas Medium II,13150.0,Rp0
2023-04-27,27 Apr 23,DI Yogyakarta,Beras Kualitas Medium II,13150.0,Rp0
2023-04-28,28 Apr 23,DI Yogyakarta,Beras Kualitas Medium II,13150.0,Rp0
2023-04-29,,,,,
2023-04-30,,,,,
2023-05-01,01 Mei 23,DI Yogyakarta,Beras Kualitas Medium II,13250.0,Rp100
2023-05-02,02 Mei 23,DI Yogyakarta,Beras Kualitas Medium II,13150.0,-Rp100
2023-05-03,03 Mei 23,DI Yogyakarta,Beras Kualitas Medium II,13150.0,Rp0
2023-05-04,04 Mei 23,DI Yogyakarta,Beras Kualitas Medium II,13150.0,Rp0
2023-05-05,05 Mei 23,DI Yogyakarta,Beras Kualitas Medium II,13150.0,Rp0
2023-05-06,,,,,
2023-05-07,,,,,
2023-05-08,08 Mei 23,DI Yogyakarta,Beras Kualitas Medium II,13150.0,
2023-05-09,09 Mei 23,DI Yogyakarta,Beras Kualitas Medium II,13150.0,Rp0
2023-05-10,10 Mei 23,DI Yogyakarta,Beras Kualitas Medium II,13150.0,Rp0
2023-05-11,11 Mei 23,DI Yogyakarta,Beras Kualitas Medium II,13150.0,Rp0
2023-05-12,12 Mei 23,DI Yogyakarta,Beras Kualitas Medium II,13150.0,Rp0
2023-05-13,,,,,
2023-05-14,,,,,
2023-05-15,15 Mei 23,DI Yogyakarta,Beras Kualitas Medium II,13150.0,Rp0
2023-05-16,16 Mei 23,DI Yogyakarta,Beras Kualitas Medium II,13150.0,Rp0
2023-05-17,17 Mei 23,DI Yogyakarta,Beras Kualitas Medium II,13150.0,Rp0
2023-05-18,18 Mei 23,DI Yogyakarta,Beras Kualitas Medium II,13150.0,Rp0
2023-05-19,19 Mei 23,DI Yogyakarta,Beras Kualitas Medium II,13150.0,Rp0
2023-05-20,,,,,
2023-05-21,,,,,
2023-05-22,22 Mei 23,DI Yogyakarta,Beras Kualitas Medium II,13150.0,Rp0
2023-05-23,23 Mei 23,DI Yogyakarta,Beras Kualitas Medium II,13150.0,Rp0
2023-05-24,24 Mei 23,DI Yogyakarta,Beras Kualitas Medium II,13150.0,Rp0
2023-05-25,25 Mei 23,DI Yogyakarta,Beras Kualitas Medium II,13150.0,Rp0
2023-05-26,26 Mei 23,DI Yogyakarta,Beras Kualitas Medium II,13150.0,Rp0
2023-05-27,,,,,
2023-05-28,,,,,
2023-05-29,29 Mei 23,DI Yogyakarta,Beras Kualitas Medium II,13150.0,Rp0
2023-05-30,30 Mei 23,DI Yogyakarta,Beras Kualitas Medium II,13150.0,Rp0
2023-05-31,31 Mei 23,DI Yogyakarta,Beras Kualitas Medium II,13150.0,Rp0
2023-06-01,01 Jun 23,DI Yogyakarta,Beras Kualitas Medium II,13150.0,Rp0
2023-06-02,02 Jun 23,DI Yogyakarta,Beras Kualitas Medium II,13150.0,Rp0
2023-06-03,,,,,
2023-06-04,,,,,
2023-06-05,05 Jun 23,DI Yogyakarta,Beras Kualitas Medium II,13150.0,Rp0
2023-06-06,06 Jun 23,DI Yogyakarta,Beras Kualitas Medium II,13150.0,Rp0
2023-06-07,07 Jun 23,DI Yogyakarta,Beras Kualitas Medium II,13150.0,Rp0
2023-06-08,08 Jun 23,DI Yogyakarta,Beras Kualitas Medium II,13150.0,Rp0
2023-06-09,09 Jun 23,DI Yogyakarta,Beras Kualitas Medium II,13150.0,Rp0
2023-06-10,,,,,
2023-06-11,,,,,
2023-06-12,12 Jun 23,DI Yogyakarta,Beras Kualitas Medium II,13150.0,
2023-06-13,13 Jun 23,DI Yogyakarta,Beras Kualitas Medium II,13150.0,Rp0
2023-06-14,14 Jun 23,DI Yogyakarta,Beras Kualitas Medium II,13150.0,Rp0
2023-06-15,15 Jun 23,DI Yogyakarta,Beras Kualitas Medium II,13150.0,Rp0
2023-06-16,16 Jun 23,DI Yogyakarta,Beras Kualitas Medium II,13150.0,Rp0
2023-06-17,,,,,
2023-06-18,,,,,
2023-06-19,19 Jun 23,DI Yogyakarta,Beras Kualitas Medium II,13150.0,Rp0
2023-06-20,20 Jun 23,DI Yogyakarta,Beras Kualitas Medium II,13150.0,Rp0
2023-06-21,21 Jun 23,DI Yogyakarta,Beras Kualitas Medium II,13150.0,Rp0
2023-06-22,22 Jun 23,DI Yogyakarta,Beras Kualitas Medium II,13150.0,Rp0
2023-06-23,23 Jun 23,DI Yogyakarta,Beras Kualitas Medium II,13150.0,Rp0
2023-06-24,,,,,
2023-06-25,,,,,
2023-06-26,26 Jun 23,DI Yogyakarta,Beras Kualitas Medium II,13150.0,Rp0
2023-06-27,27 Jun 23,DI Yogyakarta,Beras Kualitas Medium II,13150.0,Rp0
2023-06-28,28 Jun 23,DI Yogyakarta,Beras Kualitas Medium II,13150.0,Rp0
2023-06-29,29 Jun 23,DI Yogyakarta,Beras Kualitas Medium II,13150.0,Rp0
2023-06-30,30 Jun 23,DI Yogyakarta,Beras Kualitas Medium II,13150.0,Rp0
2023-07-01,,,,,
2023-07-02,,,,,
2023-07-03,03 Jul 23,DI Yogyakarta,Beras Kualitas Medium II,13150.0,Rp0
2023-07-04,04 Jul 23,DI Yogyakarta,Beras Kualitas Medium II,13150.0,Rp0
2023-07-05,05 Jul 23,DI Yogyakarta,Beras Kualitas Medium II,13150.0,Rp0
2023-07-06,06 Jul 23,DI Yogyakarta,Beras Kualitas Medium II,13150.0,Rp0
2023-07-07,07 Jul 23,DI Yogyakarta,Beras Kualitas Medium II,13150.0,Rp0
2023-07-08,,,,,
2023-07-09,,,,,
2023-07-10,10 Jul 23,DI Yogyakarta,Beras Kualitas Medium II,13150.0,Rp0
2023-07-11,11 Jul 23,DI Yogyakarta,Beras Kualitas Medium II,13150.0,Rp0
2023-07-12,12 Jul 23,DI Yogyakarta,Beras Kualitas Medium II,13150.0,Rp0
2023-07-13,13 Jul 23,DI Yogyakarta,Beras Kualitas Medium II,13150.0,Rp0
2023-07-14,14 Jul 23,DI Yogyakarta,Beras Kualitas Medium II,13150.0,Rp0
2023-07-15,,,,,
2023-07-16,,,,,
2023-07-17,17 Jul 23,DI Yogyakarta,Beras Kualitas Medium II,13150.0,Rp0
2023-07-18,18 Jul 23,DI Yogyakarta,Beras Kualitas Medium II,13150.0,Rp0
2023-07-19,19 Jul 23,DI Yogyakarta,Beras Kualitas Medium II,13150.0,Rp0
2023-07-20,20 Jul 23,DI Yogyakarta,Beras Kualitas Medium II,13150.0,Rp0
2023-07-21,21 Jul 23,DI Yogyakarta,Beras Kualitas Medium II,13150.0,Rp0
2023-07-22,,,,,
2023-07-23,,,,,
2023-07-24,24 Jul 23,DI Yogyakarta,Beras Kualitas Medium II,13150.0,Rp0
2023-07-25,25 Jul 23,DI Yogyakarta,Beras Kualitas Medium II,13150.0,Rp0
2023-07-26,26 Jul 23,DI Yogyakarta,Beras Kualitas Medium II,13150.0,Rp0
2023-07-27,27 Jul 23,DI Yogyakarta,Beras Kualitas Medium II,13150.0,Rp0
2023-07-28,28 Jul 23,DI Yogyakarta,Beras Kualitas Medium II,13150.0,Rp0
2023-07-29,,,,,
2023-07-30,,,,,
2023-07-31,31 Jul 23,DI Yogyakarta,Beras Kualitas Medium II,13150.0,Rp0
2023-08-01,01 Agt 23,DI Yogyakarta,Beras Kualitas Medium II,13150.0,Rp0
2023-08-02,02 Agt 23,DI Yogyakarta,Beras Kualitas Medium II,13150.0,Rp0
2023-08-03,,,,,
2023-08-04,04 Agt 23,DI Yogyakarta,Beras Kualitas Medium II,13150.0,Rp0
2023-08-05,,,,,
2023-08-06,,,,,
2023-08-07,07 Agt 23,DI Yogyakarta,Beras Kualitas Medium II,13150.0,
2023-08-08,08 Agt 23,DI Yogyakarta,Beras Kualitas Medium II,13150.0,Rp0
2023-08-09,09 Agt 23,DI Yogyakarta,Beras Kualitas Medium II,13150.0,Rp0
2023-08-10,10 Agt 23,DI Yogyakarta,Beras Kualitas Medium II,13150.0,Rp0
2023-08-11,11 Agt 23,DI Yogyakarta,Beras Kualitas Medium II,13150.0,Rp0
2023-08-12,,,,,
2023-08-13,,,,,
2023-08-14,14 Agt 23,DI Yogyakarta,Beras Kualitas Medium II,13150.0,
2023-08-15,15 Agt 23,DI Yogyakarta,Beras Kualitas Medium II,13150.0,Rp0
2023-08-16,16 Agt 23,DI Yogyakarta,Beras Kualitas Medium II,13150.0,Rp0
2023-08-17,17 Agt 23,DI Yogyakarta,Beras Kualitas Medium II,13150.0,Rp0
2023-08-18,18 Agt 23,DI Yogyakarta,Beras Kualitas Medium II,13150.0,Rp0
2023-08-19,,,,,
2023-08-20,,,,,
2023-08-21,21 Agt 23,DI Yogyakarta,Beras Kualitas Medium II,13150.0,Rp0
2023-08-22,22 Agt 23,DI Yogyakarta,Beras Kualitas Medium II,13400.0,Rp250
2023-08-23,23 Agt 23,DI Yogyakarta,Beras Kualitas Medium II,13400.0,Rp0
2023-08-24,24 Agt 23,DI Yogyakarta,Beras Kualitas Medium II,13400.0,Rp0
2023-08-25,25 Agt 23,DI Yogyakarta,Beras Kualitas Medium II,13500.0,Rp100
2023-08-26,,,,,
2023-08-27,,,,,
2023-08-28,28 Agt 23,DI Yogyakarta,Beras Kualitas Medium II,13400.0,
2023-08-29,29 Agt 23,DI Yogyakarta,Beras Kualitas Medium II,13400.0,Rp0
2023-08-30,30 Agt 23,DI Yogyakarta,Beras Kualitas Medium II,13400.0,Rp0
2023-08-31,31 Agt 23,DI Yogyakarta,Beras Kualitas Medium II,13400.0,Rp0
2023-09-01,01 Sep 23,DI Yogyakarta,Beras Kualitas Medium II,13400.0,Rp0
2023-09-02,,,,,
2023-09-03,,,,,
2023-09-04,04 Sep 23,DI Yogyakarta,Beras Kualitas Medium II,13400.0,Rp0
2023-09-05,05 Sep 23,DI Yogyakarta,Beras Kualitas Medium II,13400.0,Rp0
2023-09-06,06 Sep 23,DI Yogyakarta,Beras Kualitas Medium II,13400.0,Rp0
2023-09-07,07 Sep 23,DI Yogyakarta,Beras Kualitas Medium II,13400.0,Rp0
2023-09-08,08 Sep 23,DI Yogyakarta,Beras Kualitas Medium II,13400.0,Rp0
2023-09-09,,,,,
2023-09-10,,,,,
2023-09-11,11 Sep 23,DI Yogyakarta,Beras Kualitas Medium II,13400.0,Rp0
2023-09-12,12 Sep 23,DI Yogyakarta,Beras Kualitas Medium II,13400.0,Rp0
2023-09-13,13 Sep 23,DI Yogyakarta,Beras Kualitas Medium II,13400.0,Rp0
2023-09-14,14 Sep 23,DI Yogyakarta,Beras Kualitas Medium II,13500.0,Rp100
2023-09-15,15 Sep 23,DI Yogyakarta,Beras Kualitas Medium II,13500.0,Rp0
2023-09-16,,,,,
2023-09-17,,,,,
2023-09-18,18 Sep 23,DI Yogyakarta,Beras Kualitas Medium II,13750.0,Rp250
2023-09-19,19 Sep 23,DI Yogyakarta,Beras Kualitas Medium II,13750.0,Rp0
2023-09-20,20 Sep 23,DI Yogyakarta,Beras Kualitas Medium II,13750.0,Rp0
2023-09-21,21 Sep 23,DI Yogyakarta,Beras Kualitas Medium II,13750.0,Rp0
2023-09-22,22 Sep 23,DI Yogyakarta,Beras Kualitas Medium II,13750.0,Rp0
2023-09-23,,,,,
2023-09-24,,,,,
2023-09-25,25 Sep 23,DI Yogyakarta,Beras Kualitas Medium II,13750.0,
2023-09-26,26 Sep 23,DI Yogyakarta,Beras Kualitas Medium II,13750.0,Rp0
2023-09-27,27 Sep 23,DI Yogyakarta,Beras Kualitas Medium II,13750.0,Rp0
2023-09-28,28 Sep 23,DI Yogyakarta,Beras Kualitas Medium II,13750.0,Rp0
2023-09-29,29 Sep 23,DI Yogyakarta,Beras Kualitas Medium II,13750.0,Rp0
2023-09-30,,,,,
2023-10-01,,,,,
2023-10-02,02 Okt 23,DI Yogyakarta,Beras Kualitas Medium II,13750.0,Rp0
2023-10-03,03 Okt 23,DI Yogyakarta,Beras Kualitas Medium II,13750.0,Rp0
2023-10-04,04 Okt 23,DI Yogyakarta,Beras Kualitas Medium II,13750.0,Rp0
2023-10-05,05 Okt 23,DI Yogyakarta,Beras Kualitas Medium II,13750.0,Rp0
2023-10-06,06 Okt 23,DI Yogyakarta,Beras Kualitas Medium II,13750.0,Rp0
2023-10-07,,,,,
2023-10-08,,,,,
2023-10-09,09 Okt 23,DI Yogyakarta,Beras Kualitas Medium II,13750.0,Rp0
2023-10-10,10 Okt 23,DI Yogyakarta,Beras Kualitas Medium II,13750.0,Rp0
2023-10-11,11 Okt 23,DI Yogyakarta,Beras Kualitas Medium II,13750.0,Rp0
2023-10-12,12 Okt 23,DI Yogyakarta,Beras Kualitas Medium II,13750.0,Rp0
2023-10-13,13 Okt 23,DI Yogyakarta,Beras Kualitas Medium II,13750.0,Rp0
2023-10-14,,,,,
2023-10-15,,,,,
2023-10-16,16 Okt 23,DI Yogyakarta,Beras Kualitas Medium II,13750.0,Rp0
2023-10-17,17 Okt 23,DI Yogyakarta,Beras Kualitas Medium II,13750.0,Rp0
2023-10-18,18 Okt 23,DI Yogyakarta,Beras Kualitas Medium II,13750.0,Rp0
2023-10-19,19 Okt 23,DI Yogyakarta,Beras Kualitas Medium II,13750.0,Rp0
2023-10-20,20 Okt 23,DI Yogyakarta,Beras Kualitas Medium II,13750.0,Rp0
2023-10-21,,,,,
2023-10-22,,,,,
2023-10-23,23 Okt 23,DI Yogyakarta,Beras Kualitas Medium II,13750.0,
2023-10-24,24 Okt 23,DI Yogyakarta,Beras Kualitas Medium II,13750.0,Rp0
2023-10-25,25 Okt 23,DI Yogyakarta,Beras Kualitas Medium II,13750.0,Rp0
2023-10-26,26 Okt 23,DI Yogyakarta,Beras Kualitas Medium II,13750.0,Rp0
2023-10-27,27 Okt 23,DI Yogyakarta,Beras Kualitas Medium II,13750.0,Rp0
2023-10-28,,,,,
2023-10-29,,,,,
2023-10-30,30 Okt 23,DI Yogyakarta,Beras Kualitas Medium II,13750.0,Rp0
2023-10-31,31 Okt 23,DI Yogyakarta,Beras Kualitas Medium II,13750.0,Rp0
2023-11-01,01 Nov 23,DI Yogyakarta,Beras Kualitas Medium II,13750.0,Rp0
2023-11-02,02 Nov 23,DI Yogyakarta,Beras Kualitas Medium II,13750.0,Rp0
2023-11-03,03 Nov 23,DI Yogyakarta,Beras Kualitas Medium II,13750.0,Rp0
2023-11-04,,,,,
2023-11-05,,,,,
2023-11-06,06 Nov 23,DI Yogyakarta,Beras Kualitas Medium II,13750.0,
2023-11-07,07 Nov 23,DI Yogyakarta,Beras Kualitas Medium II,13750.0,Rp0
2023-11-08,08 Nov 23,DI Yogyakarta,Beras Kualitas Medium II,13750.0,Rp0
2023-11-09,09 Nov 23,DI Yogyakarta,Beras Kualitas Medium II,13750.0,Rp0
2023-11-10,10 Nov 23,DI Yogyakarta,Beras Kualitas Medium II,13750.0,Rp0
2023-11-11,,,,,
2023-11-12,,,,,
2023-11-13,13 Nov 23,DI Yogyakarta,Beras Kualitas Medium II,13750.0,Rp0
2023-11-14,14 Nov 23,DI Yogyakarta,Beras Kualitas Medium II,13900.0,Rp150
2023-11-15,15 Nov 23,DI Yogyakarta,Beras Kualitas Medium II,13900.0,Rp0
2023-11-16,16 Nov 23,DI Yogyakarta,Beras Kualitas Medium II,13900.0,Rp0
2023-11-17,17 Nov 23,DI Yogyakarta,Beras Kualitas Medium II,13900.0,Rp0
2023-11-18,,,,,
2023-11-19,,,,,
2023-11-20,20 Nov 23,DI Yogyakarta,Beras Kualitas Medium II,13900.0,Rp0
2023-11-21,21 Nov 23,DI Yogyakarta,Beras Kualitas Medium II,13900.0,Rp0
2023-11-22,22 Nov 23,DI Yogyakarta,Beras Kualitas Medium II,13900.0,Rp0
2023-11-23,23 Nov 23,DI Yogyakarta,Beras Kualitas Medium II,13900.0,Rp0
2023-11-24,24 Nov 23,DI Yogyakarta,Beras Kualitas Medium II,13900.0,Rp0
2023-11-25,,,,,
2023-11-26,,,,,
2023-11-27,27 Nov 23,DI Yogyakarta,Beras Kualitas Medium II,13900.0,
2023-11-28,28 Nov 23,DI Yogyakarta,Beras Kualitas Medium II,13900.0,Rp0
2023-11-29,29 Nov 23,DI Yogyakarta,Beras Kualitas Medium II,13900.0,Rp0
2023-11-30,30 Nov 23,DI Yogyakarta,Beras Kualitas Medium II,13900.0,Rp0
2023-12-01,01 Des 23,DI Yogyakarta,Beras Kualitas Medium II,13900.0,Rp0
2023-12-02,,,,,
2023-12-03,,,,,
2023-12-04,04 Des 23,DI Yogyakarta,Beras Kualitas Medium II,13900.0,Rp0
2023-12-05,05 Des 23,DI Yogyakarta,Beras Kualitas Medium II,13900.0,Rp0
2023-12-06,06 Des 23,DI Yogyakarta,Beras Kualitas Medium II,13900.0,Rp0
2023-12-07,07 Des 23,DI Yogyakarta,Beras Kualitas Medium II,13900.0,Rp0
2023-12-08,08 Des 23,DI Yogyakarta,Beras Kualitas Medium II,13900.0,Rp0
2023-12-09,,,,,
2023-12-10,,,,,
2023-12-11,11 Des 23,DI Yogyakarta,Beras Kualitas Medium II,13900.0,Rp0
2023-12-12,12 Des 23,DI Yogyakarta,Beras Kualitas Medium II,13900.0,Rp0
2023-12-13,13 Des 23,DI Yogyakarta,Beras Kualitas Medium II,13900.0,Rp0
2023-12-14,14 Des 23,DI Yogyakarta,Beras Kualitas Medium II,13900.0,Rp0
2023-12-15,15 Des 23,DI Yogyakarta,Beras Kualitas Medium II,13900.0,Rp0
2023-12-16,,,,,
2023-12-17,,,,,
2023-12-18,18 Des 23,DI Yogyakarta,Beras Kualitas Medium II,13900.0,Rp0
2023-12-19,19 Des 23,DI Yogyakarta,Beras Kualitas Medium II,13900.0,Rp0
2023-12-20,20 Des 23,DI Yogyakarta,Beras Kualitas Medium II,13900.0,Rp0
2023-12-21,21 Des 23,DI Yogyakarta,Beras Kualitas Medium II,13900.0,Rp0
2023-12-22,22 Des 23,DI Yogyakarta,Beras Kualitas Medium II,13900.0,Rp0
2023-12-23,,,,,
2023-12-24,,,,,
2023-12-25,,,,,
2023-12-26,,,,,
2023-12-27,27 Des 23,DI Yogyakarta,Beras Kualitas Medium II,13900.0,
2023-12-28,28 Des 23,DI Yogyakarta,Beras Kualitas Medium II,13900.0,Rp0
2023-12-29,29 Des 23,DI Yogyakarta,Beras Kualitas Medium II,13900.0,Rp0
2023-12-30,,,,,
2023-12-31,,,,,
2024-01-01,01 Jan 24,DI Yogyakarta,Beras Kualitas Medium II,13900.0,
2024-01-02,02 Jan 24,DI Yogyakarta,Beras Kualitas Medium II,13900.0,Rp0
2024-01-03,03 Jan 24,DI Yogyakarta,Beras Kualitas Medium II,13900.0,Rp0
2024-01-04,04 Jan 24,DI Yogyakarta,Beras Kualitas Medium II,13900.0,Rp0
2024-01-05,05 Jan 24,DI Yogyakarta,Beras Kualitas Medium II,13900.0,Rp0
2024-01-06,,,,,
2024-01-07,,,,,
2024-01-08,08 Jan 24,DI Yogyakarta,Beras Kualitas Medium II,13900.0,Rp0
2024-01-09,09 Jan 24,DI Yogyakarta,Beras Kualitas Medium II,13900.0,Rp0
2024-01-10,10 Jan 24,DI Yogyakarta,Beras Kualitas Medium II,13900.0,Rp0
2024-01-11,11 Jan 24,DI Yogyakarta,Beras Kualitas Medium II,13900.0,Rp0
2024-01-12,12 Jan 24,DI Yogyakarta,Beras Kualitas Medium II,13900.0,Rp0
2024-01-13,,,,,
2024-01-14,,,,,
2024-01-15,15 Jan 24,DI Yogyakarta,Beras Kualitas Medium II,13900.0,
2024-01-16,16 Jan 24,DI Yogyakarta,Beras Kualitas Medium II,13900.0,Rp0
2024-01-17,17 Jan 24,DI Yogyakarta,Beras Kualitas Medium II,13900.0,Rp0
2024-01-18,18 Jan 24,DI Yogyakarta,Beras Kualitas Medium II,13900.0,Rp0
2024-01-19,19 Jan 24,DI Yogyakarta,Beras Kualitas Medium II,13900.0,Rp0
2024-01-20,,,,,
2024-01-21,,,,,
2024-01-22,22 Jan 24,DI Yogyakarta,Beras Kualitas Medium II,14150.0,Rp250
2024-01-23,23 Jan 24,DI Yogyakarta,Beras Kualitas Medium II,14150.0,Rp0
2024-01-24,24 Jan 24,DI Yogyakarta,Beras Kualitas Medium II,14150.0,Rp0
2024-01-25,25 Jan 24,DI Yogyakarta,Beras Kualitas Medium II,14150.0,Rp0
2024-01-26,26 Jan 24,DI Yogyakarta,Beras Kualitas Medium II,14150.0,Rp0
2024-01-27,,,,,
2024-01-28,,,,,
2024-01-29,29 Jan 24,DI Yogyakarta,Beras Kualitas Medium II,14150.0,Rp0
2024-01-30,30 Jan 24,DI Yogyakarta,Beras Kualitas Medium II,14150.0,Rp0
2024-01-31,31 Jan 24,DI Yogyakarta,Beras Kualitas Medium II,14150.0,Rp0
2024-02-01,01 Feb 24,DI Yogyakarta,Beras Kualitas Medium II,14150.0,Rp0
2024-02-02,02 Feb 24,DI Yogyakarta,Beras Kualitas Medium II,14150.0,Rp0
2024-02-03,,,,,
2024-02-04,,,,,
2024-02-05,05 Feb 24,DI Yogyakarta,Beras Kualitas Medium II,14900.0,Rp750
2024-02-06,06 Feb 24,DI Yogyakarta,Beras Kualitas Medium II,15150.0,Rp250
2024-02-07,07 Feb 24,DI Yogyakarta,Beras Kualitas Medium II,15150.0,Rp0
2024-02-08,08 Feb 24,DI Yogyakarta,Beras Kualitas Medium II,15150.0,Rp0
2024-02-09,09 Feb 24,DI Yogyakarta,Beras Kualitas Medium II,15150.0,Rp0
2024-02-10,,,,,
2024-02-11,,,,,
2024-02-12,12 Feb 24,DI Yogyakarta,Beras Kualitas Medium II,15400.0,Rp250
2024-02-13,13 Feb 24,DI Yogyakarta,Beras Kualitas Medium II,15400.0,Rp0
2024-02-14,14 Feb 24,DI Yogyakarta,Beras Kualitas Medium II,15400.0,Rp0
2024-02-15,15 Feb 24,DI Yogyakarta,Beras Kualitas Medium II,15400.0,Rp0
2024-02-16,16 Feb 24,DI Yogyakarta,Beras Kualitas Medium II,15400.0,Rp0
2024-02-17,,,,,
2024-02-18,,,,,
2024-02-19,19 Feb 24,DI Yogyakarta,Beras Kualitas Medium II,15400.0,Rp0
2024-02-20,20 Feb 24,DI Yogyakarta,Beras Kualitas Medium II,15400.0,Rp0
2024-02-21,21 Feb 24,DI Yogyakarta,Beras Kualitas Medium II,15400.0,Rp0
2024-02-22,22 Feb 24,DI Yogyakarta,Beras Kualitas Medium II,15400.0,Rp0
2024-02-23,23 Feb 24,DI Yogyakarta,Beras Kualitas Medium II,15400.0,Rp0
2024-02-24,,,,,
2024-02-25,,,,,
2024-02-26,26 Feb 24,DI Yogyakarta,Beras Kualitas Medium II,15400.0,Rp0
2024-02-27,27 Feb 24,DI Yogyakarta,Beras Kualitas Medium II,15400.0,Rp0
2024-02-28,28 Feb 24,DI Yogyakarta,Beras Kualitas Medium II,15400.0,Rp0
2024-02-29,29 Feb 24,DI Yogyakarta,Beras Kualitas Medium II,15400.0,Rp0
2024-03-01,01 Mar 24,DI Yogyakarta,Beras Kualitas Medium II,15400.0,Rp0
2024-03-02,,,,,
2024-03-03,,,,,
2024-03-04,04 Mar 24,DI Yogyakarta,Beras Kualitas Medium II,15400.0,Rp0
2024-03-05,05 Mar 24,DI Yogyakarta,Beras Kualitas Medium II,15400.0,Rp0
2024-03-06,06 Mar 24,DI Yogyakarta,Beras Kualitas Medium II,15400.0,Rp0
2024-03-07,07 Mar 24,DI Yogyakarta,Beras Kualitas Medium II,15400.0,Rp0
2024-03-08,08 Mar 24,DI Yogyakarta,Beras Kualitas Medium II,15400.0,Rp0
2024-03-09,,,,,
2024-03-10,,,,,
2024-03-11,11 Mar 24,DI Yogyakarta,Beras Kualitas Medium II,15400.0,Rp0
2024-03-12,12 Mar 24,DI Yogyakarta,Beras Kualitas Medium II,15400.0,Rp0
2024-03-13,13 Mar 24,DI Yogyakarta,Beras Kualitas Medium II,15400.0,Rp0
2024-03-14,14 Mar 24,DI Yogyakarta,Beras Kualitas Medium II,15400.0,Rp0
2024-03-15,15 Mar 24,DI Yogyakarta,Beras Kualitas Medium II,15400.0,Rp0
2024-03-16,,,,,
2024-03-17,,,,,
2024-03-18,18 Mar 24,DI Yogyakarta,Beras Kualitas Medium II,15150.0,-Rp250
2024-03-19,19 Mar 24,DI Yogyakarta,Beras Kualitas Medium II,15150.0,Rp0
2024-03-20,20 Mar 24,DI Yogyakarta,Beras Kualitas Medium II,15150.0,Rp0
2024-03-21,21 Mar 24,DI Yogyakarta,Beras Kualitas Medium II,15150.0,Rp0
2024-03-22,22 Mar 24,DI Yogyakarta,Beras Kualitas Medium II,15150.0,Rp0
2024-03-23,,,,,
2024-03-24,,,,,
2024-03-25,25 Mar 24,DI Yogyakarta,Beras Kualitas Medium II,15150.0,Rp0
2024-03-26,26 Mar 24,DI Yogyakarta,Beras Kualitas Medium II,15150.0,Rp0
2024-03-27,27 Mar 24,DI Yogyakarta,Beras Kualitas Medium II,15150.0,Rp0
2024-03-28,28 Mar 24,DI Yogyakarta,Beras Kualitas Medium II,15150.0,Rp0
2024-03-29,29 Mar 24,DI Yogyakarta,Beras Kualitas Medium II,15150.0,Rp0
2024-03-30,,,,,
2024-03-31,,,,,
2024-04-01,01 Apr 24,DI Yogyakarta,Beras Kualitas Medium II,15150.0,Rp0
2024-04-02,02 Apr 24,DI Yogyakarta,Beras Kualitas Medium II,15150.0,Rp0
2024-04-03,03 Apr 24,DI Yogyakarta,Beras Kualitas Medium II,15150.0,Rp0
2024-04-04,04 Apr 24,DI Yogyakarta,Beras Kualitas Medium II,15150.0,Rp0
2024-04-05,05 Apr 24,DI Yogyakarta,Beras Kualitas Medium II,15150.0,Rp0
2024-04-06,,,,,
2024-04-07,,,,,
2024-04-08,08 Apr 24,DI Yogyakarta,Beras Kualitas Medium II,15150.0,
2024-04-09,09 Apr 24,DI Yogyakarta,Beras Kualitas Medium II,15150.0,Rp0
2024-04-10,10 Apr 24,DI Yogyakarta,Beras Kualitas Medium II,15150.0,Rp0
2024-04-11,11 Apr 24,DI Yogyakarta,Beras Kualitas Medium II,15150.0,Rp0
2024-04-12,12 Apr 24,DI Yogyakarta,Beras Kualitas Medium II,15150.0,Rp0
2024-04-13,,,,,
2024-04-14,,,,,
2024-04-15,15 Apr 24,DI Yogyakarta,Beras Kualitas Medium II,15150.0,
2024-04-16,16 Apr 24,DI Yogyakarta,Beras Kualitas Medium II,15150.0,Rp0
2024-04-17,17 Apr 24,DI Yogyakarta,Beras Kualitas Medium II,15150.0,Rp0
2024-04-18,18 Apr 24,DI Yogyakarta,Beras Kualitas Medium II,15150.0,Rp0
2024-04-19,19 Apr 24,DI Yogyakarta,Beras Kualitas Medium II,15150.0,Rp0
2024-04-20,,,,,
2024-04-21,,,,,
2024-04-22,22 Apr 24,DI Yogyakarta,Beras Kualitas Medium II,15150.0,Rp0
2024-04-23,23 Apr 24,DI Yogyakarta,Beras Kualitas Medium II,15150.0,Rp0
2024-04-24,24 Apr 24,DI Yogyakarta,Beras Kualitas Medium II,15150.0,Rp0
2024-04-25,25 Apr 24,DI Yogyakarta,Beras Kualitas Medium II,15150.0,Rp0
2024-04-26,26 Apr 24,DI Yogyakarta,Beras Kualitas Medium II,15150.0,Rp0
2024-04-27,,,,,
2024-04-28,,,,,
2024-04-29,29 Apr 24,DI Yogyakarta,Beras Kualitas Medium II,15150.0,Rp0
2024-04-30,30 Apr 24,DI Yogyakarta,Beras Kualitas Medium II,15150.0,Rp0
2024-05-01,01 Mei 24,DI Yogyakarta,Beras Kualitas Medium II,15150.0,Rp0
2024-05-02,02 Mei 24,DI Yogyakarta,Beras Kualitas Medium II,15150.0,Rp0
2024-05-03,03 Mei 24,DI Yogyakarta,Beras Kualitas Medium II,15150.0,Rp0
2024-05-04,,,,,
2024-05-05,,,,,
2024-05-06,06 Mei 24,DI Yogyakarta,Beras Kualitas Medium II,15150.0,Rp0
2024-05-07,07 Mei 24,DI Yogyakarta,Beras Kualitas Medium II,15150.0,Rp0
2024-05-08,08 Mei 24,DI Yogyakarta,Beras Kualitas Medium II,15150.0,Rp0
2024-05-09,09 Mei 24,DI Yogyakarta,Beras Kualitas Medium II,15150.0,Rp0
2024-05-10,10 Mei 24,DI Yogyakarta,Beras Kualitas Medium II,15150.0,Rp0
2024-05-11,,,,,
2024-05-12,,,,,
2024-05-13,13 Mei 24,DI Yogyakarta,Beras Kualitas Medium II,15150.0,Rp0
2024-05-14,14 Mei 24,DI Yogyakarta,Beras Kualitas Medium II,15150.0,Rp0
2024-05-15,15 Mei 24,DI Yogyakarta,Beras Kualitas Medium II,15150.0,Rp0
2024-05-16,16 Mei 24,DI Yogyakarta,Beras Kualitas Medium II,15150.0,Rp0
2024-05-17,17 Mei 24,DI Yogyakarta,Beras Kualitas Medium II,15150.0,Rp0
2024-05-18,,,,,
2024-05-19,,,,,
2024-05-20,20 Mei 24,DI Yogyakarta,Beras Kualitas Medium II,15150.0,Rp0
2024-05-21,21 Mei 24,DI Yogyakarta,Beras Kualitas Medium II,15150.0,Rp0
2024-05-22,22 Mei 24,DI Yogyakarta,Beras Kualitas Medium II,14650.0,-Rp500
2024-05-23,23 Mei 24,DI Yogyakarta,Beras Kualitas Medium II,14650.0,Rp0
2024-05-24,24 Mei 24,DI Yogyakarta,Beras Kualitas Medium II,14650.0,Rp0
2024-05-25,,,,,
2024-05-26,,,,,
2024-05-27,27 Mei 24,DI Yogyakarta,Beras Kualitas Medium II,14000.0,-Rp650
2024-05-28,28 Mei 24,DI Yogyakarta,Beras Kualitas Medium II,14000.0,Rp0
2024-05-29,29 Mei 24,DI Yogyakarta,Beras Kualitas Medium II,14000.0,Rp0
2024-05-30,30 Mei 24,DI Yogyakarta,Beras Kualitas Medium II,14000.0,Rp0
2024-05-31,31 Mei 24,DI Yogyakarta,Beras Kualitas Medium II,14000.0,Rp0
2024-06-01,,,,,
2024-06-02,,,,,
2024-06-03,03 Jun 24,DI Yogyakarta,Beras Kualitas Medium II,14000.0,Rp0
2024-06-04,04 Jun 24,DI Yogyakarta,Beras Kualitas Medium II,14000.0,Rp0
2024-06-05,05 Jun 24,DI Yogyakarta,Beras Kualitas Medium II,14000.0,Rp0
2024-06-06,06 Jun 24,DI Yogyakarta,Beras Kualitas Medium II,14000.0,Rp0
2024-06-07,07 Jun 24,DI Yogyakarta,Beras Kualitas Medium II,14000.0,Rp0
2024-06-08,,,,,
2024-06-09,,,,,
2024-06-10,10 Jun 24,DI Yogyakarta,Beras Kualitas Medium II,14000.0,Rp0
2024-06-11,11 Jun 24,DI Yogyakarta,Beras Kualitas Medium II,14000.0,Rp0
2024-06-12,12 Jun 24,DI Yogyakarta,Beras Kualitas Medium II,14000.0,Rp0
2024-06-13,13 Jun 24,DI Yogyakarta,Beras Kualitas Medium II,14000.0,Rp0
2024-06-14,14 Jun 24,DI Yogyakarta,Beras Kualitas Medium II,14000.0,Rp0
2024-06-15,,,,,
2024-06-16,,,,,
2024-06-17,17 Jun 24,DI Yogyakarta,Beras Kualitas Medium II,14000.0,Rp0
2024-06-18,18 Jun 24,DI Yogyakarta,Beras Kualitas Medium II,14000.0,Rp0
2024-06-19,19 Jun 24,DI Yogyakarta,Beras Kualitas Medium II,14000.0,Rp0
2024-06-20,20 Jun 24,DI Yogyakarta,Beras Kualitas Medium II,14000.0,Rp0
2024-06-21,21 Jun 24,DI Yogyakarta,Beras Kualitas Medium II,14000.0,Rp0
2024-06-22,,,,,
2024-06-23,,,,,
2024-06-24,24 Jun 24,DI Yogyakarta,Beras Kualitas Medium II,14000.0,Rp0
2024-06-25,25 Jun 24,DI Yogyakarta,Beras Kualitas Medium II,14000.0,Rp0
2024-06-26,26 Jun 24,DI Yogyakarta,Beras Kualitas Medium II,14000.0,Rp0
2024-06-27,27 Jun 24,DI Yogyakarta,Beras Kualitas Medium II,14000.0,Rp0
2024-06-28,28 Jun 24,DI Yogyakarta,Beras Kualitas Medium II,14000.0,Rp0
2024-06-29,,,,,
2024-06-30,,,,,
2024-07-01,01 Jul 24,DI Yogyakarta,Beras Kualitas Medium II,14000.0,Rp0
2024-07-02,02 Jul 24,DI Yogyakarta,Beras Kualitas Medium II,14000.0,Rp0
2024-07-03,03 Jul 24,DI Yogyakarta,Beras Kualitas Medium II,14000.0,Rp0
2024-07-04,04 Jul 24,DI Yogyakarta,Beras Kualitas Medium II,14000.0,Rp0
2024-07-05,05 Jul 24,DI Yogyakarta,Beras Kualitas Medium II,14000.0,Rp0
2024-07-06,,,,,
2024-07-07,,,,,
2024-07-08,08 Jul 24,DI Yogyakarta,Beras Kualitas Medium II,14000.0,Rp0
2024-07-09,09 Jul 24,DI Yogyakarta,Beras Kualitas Medium II,14000.0,Rp0
2024-07-10,10 Jul 24,DI Yogyakarta,Beras Kualitas Medium II,14000.0,Rp0
2024-07-11,11 Jul 24,DI Yogyakarta,Beras Kualitas Medium II,14000.0,Rp0
2024-07-12,12 Jul 24,DI Yogyakarta,Beras Kualitas Medium II,14000.0,Rp0
2024-07-13,,,,,
2024-07-14,,,,,
2024-07-15,15 Jul 24,DI Yogyakarta,Beras Kualitas Medium II,14000.0,Rp0
2024-07-16,16 Jul 24,DI Yogyakarta,Beras Kualitas Medium II,14000.0,Rp0
2024-07-17,17 Jul 24,DI Yogyakarta,Beras Kualitas Medium II,14000.0,Rp0
2024-07-18,18 Jul 24,DI Yogyakarta,Beras Kualitas Medium II,14000.0,Rp0
2024-07-19,19 Jul 24,DI Yogyakarta,Beras Kualitas Medium II,14000.0,Rp0
2024-07-20,,,,,
2024-07-21,,,,,
2024-07-22,22 Jul 24,DI Yogyakarta,Beras Kualitas Medium II,14000.0,Rp0
2024-07-23,23 Jul 24,DI Yogyakarta,Beras Kualitas Medium II,14000.0,Rp0
2024-07-24,24 Jul 24,DI Yogyakarta,Beras Kualitas Medium II,14000.0,Rp0
2024-07-25,25 Jul 24,DI Yogyakarta,Beras Kualitas Medium II,14000.0,Rp0
2024-07-26,26 Jul 24,DI Yogyakarta,Beras Kualitas Medium II,14000.0,Rp0
2024-07-27,,,,,
2024-07-28,,,,,
2024-07-29,29 Jul 24,DI Yogyakarta,Beras Kualitas Medium II,14000.0,Rp0
2024-07-30,30 Jul 24,DI Yogyakarta,Beras Kualitas Medium II,14000.0,Rp0
2024-07-31,31 Jul 24,DI Yogyakarta,Beras Kualitas Medium II,14000.0,Rp0
2024-08-01,01 Agt 24,DI Yogyakarta,Beras Kualitas Medium II,14000.0,Rp0
2024-08-02,02 Agt 24,DI Yogyakarta,Beras Kualitas Medium II,14000.0,Rp0
2024-08-03,,,,,
2024-08-04,,,,,
2024-08-05,05 Agt 24,DI Yogyakarta,Beras Kualitas Medium II,14000.0,Rp0
2024-08-06,06 Agt 24,DI Yogyakarta,Beras Kualitas Medium II,14000.0,Rp0
2024-08-07,07 Agt 24,DI Yogyakarta,Beras Kualitas Medium II,14000.0,Rp0
2024-08-08,08 Agt 24,DI Yogyakarta,Beras Kualitas Medium II,14000.0,Rp0
2024-08-09,09 Agt 24,DI Yogyakarta,Beras Kualitas Medium II,14000.0,Rp0
2024-08-10,,,,,
2024-08-11,,,,,
2024-08-12,12 Agt 24,DI Yogyakarta,Beras Kualitas Medium II,14000.0,Rp0
2024-08-13,13 Agt 24,DI Yogyakarta,Beras Kualitas Medium II,14000.0,Rp0
2024-08-14,14 Agt 24,DI Yogyakarta,Beras Kualitas Medium II,14000.0,Rp0
2024-08-15,15 Agt 24,DI Yogyakarta,Beras Kualitas Medium II,14000.0,Rp0
2024-08-16,16 Agt 24,DI Yogyakarta,Beras Kualitas Medium II,14000.0,Rp0
2024-08-17,,,,,
2024-08-18,,,,,
2024-08-19,19 Agt 24,DI Yogyakarta,Beras Kualitas Medium II,14000.0,Rp0
2024-08-20,20 Agt 24,DI Yogyakarta,Beras Kualitas Medium II,14000.0,Rp0
2024-08-21,21 Agt 24,DI Yogyakarta,Beras Kualitas Medium II,14000.0,Rp0
2024-08-22,22 Agt 24,DI Yogyakarta,Beras Kualitas Medium II,14000.0,Rp0
2024-08-23,23 Agt 24,DI Yogyakarta,Beras Kualitas Medium II,14000.0,Rp0
2024-08-24,,,,,
2024-08-25,,,,,
2024-08-26,26 Agt 24,DI Yogyakarta,Beras Kualitas Medium II,14000.0,
2024-08-27,27 Agt 24,DI Yogyakarta,Beras Kualitas Medium II,14000.0,Rp0
2024-08-28,28 Agt 24,DI Yogyakarta,Beras Kualitas Medium II,14000.0,Rp0
2024-08-29,29 Agt 24,DI Yogyakarta,Beras Kualitas Medium II,14000.0,Rp0
2024-08-30,30 Agt 24,DI Yogyakarta,Beras Kualitas Medium II,14000.0,Rp0
2024-08-31,,,,,
2024-09-01,,,,,
2024-09-02,02 Sep 24,DI Yogyakarta,Beras Kualitas Medium II,14000.0,Rp0
2024-09-03,03 Sep 24,DI Yogyakarta,Beras Kualitas Medium II,14000.0,Rp0
2024-09-04,04 Sep 24,DI Yogyakarta,Beras Kualitas Medium II,14000.0,Rp0
2024-09-05,05 Sep 24,DI Yogyakarta,Beras Kualitas Medium II,14000.0,Rp0
2024-09-06,06 Sep 24,DI Yogyakarta,Beras Kualitas Medium II,14000.0,Rp0
2024-09-07,,,,,
2024-09-08,,,,,
2024-09-09,09 Sep 24,DI Yogyakarta,Beras Kualitas Medium II,14000.0,Rp0
2024-09-10,10 Sep 24,DI Yogyakarta,Beras Kualitas Medium II,14000.0,Rp0
2024-09-11,11 Sep 24,DI Yogyakarta,Beras Kualitas Medium II,14000.0,Rp0
2024-09-12,12 Sep 24,DI Yogyakarta,Beras Kualitas Medium II,14000.0,Rp0
2024-09-13,13 Sep 24,DI Yogyakarta,Beras Kualitas Medium II,14000.0,Rp0
2024-09-14,,,,,
2024-09-15,,,,,
2024-09-16,,,,,
2024-09-17,17 Sep 24,DI Yogyakarta,Beras Kualitas Medium II,14000.0,
2024-09-18,18 Sep 24,DI Yogyakarta,Beras Kualitas Medium II,14000.0,Rp0
2024-09-19,19 Sep 24,DI Yogyakarta,Beras Kualitas Medium II,14000.0,Rp0
2024-09-20,20 Sep 24,DI Yogyakarta,Beras Kualitas Medium II,14000.0,Rp0
2024-09-21,,,,,
2024-09-22,,,,,
2024-09-23,23 Sep 24,DI Yogyakarta,Beras Kualitas Medium II,14000.0,Rp0
2024-09-24,24 Sep 24,DI Yogyakarta,Beras Kualitas Medium II,14000.0,Rp0
2024-09-25,25 Sep 24,DI Yogyakarta,Beras Kualitas Medium II,14000.0,Rp0
2024-09-26,26 Sep 24,DI Yogyakarta,Beras Kualitas Medium II,14000.0,Rp0
2024-09-27,27 Sep 24,DI Yogyakarta,Beras Kualitas Medium II,14000.0,Rp0
2024-09-28,,,,,
2024-09-29,,,,,
2024-09-30,30 Sep 24,DI Yogyakarta,Beras Kualitas Medium II,14000.0,Rp0
2024-10-01,01 Okt 24,DI Yogyakarta,Beras Kualitas Medium II,14000.0,Rp0
2024-10-02,02 Okt 24,DI Yogyakarta,Beras Kualitas Medium II,14000.0,Rp0
2024-10-03,03 Okt 24,DI Yogyakarta,Beras Kualitas Medium II,14000.0,Rp0
2024-10-04,04 Okt 24,DI Yogyakarta,Beras Kualitas Medium II,14000.0,Rp0
2024-10-05,,,,,
2024-10-06,,,,,
2024-10-07,07 Okt 24,DI Yogyakarta,Beras Kualitas Medium II,14000.0,Rp0
2024-10-08,08 Okt 24,DI Yogyakarta,Beras Kualitas Medium II,14000.0,Rp0
2024-10-09,09 Okt 24,DI Yogyakarta,Beras Kualitas Medium II,14000.0,Rp0
2024-10-10,10 Okt 24,DI Yogyakarta,Beras Kualitas Medium II,14000.0,Rp0
2024-10-11,11 Okt 24,DI Yogyakarta,Beras Kualitas Medium II,14000.0,Rp0
2024-10-12,,,,,
2024-10-13,,,,,
2024-10-14,14 Okt 24,DI Yogyakarta,Beras Kualitas Medium II,14000.0,Rp0
2024-10-15,15 Okt 24,DI Yogyakarta,Beras Kualitas Medium II,14000.0,Rp0
2024-10-16,16 Okt 24,DI Yogyakarta,Beras Kualitas Medium II,14000.0,Rp0
2024-10-17,17 Okt 24,DI Yogyakarta,Beras Kualitas Medium II,14000.0,Rp0
2024-10-18,18 Okt 24,DI Yogyakarta,Beras Kualitas Medium II,14000.0,Rp0
2024-10-19,,,,,
2024-10-20,,,,,
2024-10-21,21 Okt 24,DI Yogyakarta,Beras Kualitas Medium II,14000.0,Rp0
2024-10-22,22 Okt 24,DI Yogyakarta,Beras Kualitas Medium II,14000.0,Rp0
2024-10-23,23 Okt 24,DI Yogyakarta,Beras Kualitas Medium II,14000.0,Rp0
2024-10-24,24 Okt 24,DI Yogyakarta,Beras Kualitas Medium II,14000.0,Rp0
2024-10-25,25 Okt 24,DI Yogyakarta,Beras Kualitas Medium II,14000.0,Rp0
2024-10-26,,,,,
2024-10-27,,,,,
2024-10-28,28 Okt 24,DI Yogyakarta,Beras Kualitas Medium II,14000.0,Rp0
2024-10-29,29 Okt 24,DI Yogyakarta,Beras Kualitas Medium II,14000.0,Rp0
2024-10-30,30 Okt 24,DI Yogyakarta,Beras Kualitas Medium II,14000.0,Rp0
2024-10-31,31 Okt 24,DI Yogyakarta,Beras Kualitas Medium II,14000.0,Rp0
2024-11-01,01 Nov 24,DI Yogyakarta,Beras Kualitas Medium II,14000.0,Rp0
2024-11-02,,,,,
2024-11-03,,,,,
2024-11-04,04 Nov 24,DI Yogyakarta,Beras Kualitas Medium II,14000.0,Rp0
2024-11-05,05 Nov 24,DI Yogyakarta,Beras Kualitas Medium II,14000.0,Rp0
2024-11-06,06 Nov 24,DI Yogyakarta,Beras Kualitas Medium II,14000.0,Rp0
2024-11-07,07 Nov 24,DI Yogyakarta,Beras Kualitas Medium II,14000.0,Rp0
2024-11-08,08 Nov 24,DI Yogyakarta,Beras Kualitas Medium II,14000.0,Rp0
2024-11-09,,,,,
2024-11-10,,,,,
2024-11-11,11 Nov 24,DI Yogyakarta,Beras Kualitas Medium II,14000.0,Rp0
2024-11-12,12 Nov 24,DI Yogyakarta,Beras Kualitas Medium II,13900.0,-Rp100
2024-11-13,13 Nov 24,DI Yogyakarta,Beras Kualitas Medium II,13900.0,Rp0
2024-11-14,14 Nov 24,DI Yogyakarta,Beras Kualitas Medium II,13900.0,Rp0
2024-11-15,15 Nov 24,DI Yogyakarta,Beras Kualitas Medium II,13900.0,Rp0
2024-11-16,,,,,
2024-11-17,,,,,
2024-11-18,18 Nov 24,DI Yogyakarta,Beras Kualitas Medium II,13900.0,Rp0
2024-11-19,19 Nov 24,DI Yogyakarta,Beras Kualitas Medium II,13900.0,Rp0
2024-11-20,20 Nov 24,DI Yogyakarta,Beras Kualitas Medium II,13900.0,Rp0
2024-11-21,21 Nov 24,DI Yogyakarta,Beras Kualitas Medium II,13900.0,Rp0
2024-11-22,22 Nov 24,DI Yogyakarta,Beras Kualitas Medium II,13900.0,Rp0
2024-11-23,,,,,
2024-11-24,,,,,
2024-11-25,25 Nov 24,DI Yogyakarta,Beras Kualitas Medium II,13900.0,Rp0
2024-11-26,26 Nov 24,DI Yogyakarta,Beras Kualitas Medium II,13900.0,Rp0
2024-11-27,27 Nov 24,DI Yogyakarta,Beras Kualitas Medium II,13900.0,Rp0
2024-11-28,28 Nov 24,DI Yogyakarta,Beras Kualitas Medium II,13900.0,Rp0
2024-11-29,29 Nov 24,DI Yogyakarta,Beras Kualitas Medium II,13900.0,Rp0
2024-11-30,,,,,
2024-12-01,,,,,
2024-12-02,02 Des 24,DI Yogyakarta,Beras Kualitas Medium II,13900.0,Rp0
2024-12-03,03 Des 24,DI Yogyakarta,Beras Kualitas Medium II,13900.0,Rp0
2024-12-04,04 Des 24,DI Yogyakarta,Beras Kualitas Medium II,13900.0,Rp0
2024-12-05,05 Des 24,DI Yogyakarta,Beras Kualitas Medium II,13900.0,Rp0
2024-12-06,06 Des 24,DI Yogyakarta,Beras Kualitas Medium II,13900.0,Rp0
2024-12-07,,,,,
2024-12-08,,,,,
2024-12-09,09 Des 24,DI Yogyakarta,Beras Kualitas Medium II,13900.0,Rp0
2024-12-10,10 Des 24,DI Yogyakarta,Beras Kualitas Medium II,13900.0,Rp0
2024-12-11,11 Des 24,DI Yogyakarta,Beras Kualitas Medium II,13900.0,Rp0
2024-12-12,12 Des 24,DI Yogyakarta,Beras Kualitas Medium II,13900.0,Rp0
2024-12-13,13 Des 24,DI Yogyakarta,Beras Kualitas Medium II,13900.0,Rp0
2024-12-14,,,,,
2024-12-15,,,,,
2024-12-16,16 Des 24,DI Yogyakarta,Beras Kualitas Medium II,13900.0,Rp0
2024-12-17,17 Des 24,DI Yogyakarta,Beras Kualitas Medium II,13900.0,Rp0
2024-12-18,18 Des 24,DI Yogyakarta,Beras Kualitas Medium II,13900.0,Rp0
2024-12-19,19 Des 24,DI Yogyakarta,Beras Kualitas Medium II,13900.0,Rp0
2024-12-20,20 Des 24,DI Yogyakarta,Beras Kualitas Medium II,13900.0,Rp0
2024-12-21,,,,,
2024-12-22,,,,,
2024-12-23,23 Des 24,DI Yogyakarta,Beras Kualitas Medium II,13900.0,Rp0
2024-12-24,24 Des 24,DI Yogyakarta,Beras Kualitas Medium II,13900.0,Rp0
2024-12-25,25 Des 24,DI Yogyakarta,Beras Kualitas Medium II,13900.0,Rp0
2024-12-26,26 Des 24,DI Yogyakarta,Beras Kualitas Medium II,13900.0,Rp0
2024-12-27,27 Des 24,DI Yogyakarta,Beras Kualitas Medium II,13900.0,Rp0
2024-12-28,,,,,
2024-12-29,,,,,
2024-12-30,30 Des 24,DI Yogyakarta,Beras Kualitas Medium II,13900.0,Rp0
2024-12-31,31 Des 24,DI Yogyakarta,Beras Kualitas Medium II,13900.0,Rp0
2025-01-01,01 Jan 25,DI Yogyakarta,Beras Kualitas Medium II,13900.0,Rp0
2025-01-02,02 Jan 25,DI Yogyakarta,Beras Kualitas Medium II,13900.0,Rp0
2025-01-03,03 Jan 25,DI Yogyakarta,Beras Kualitas Medium II,13900.0,Rp0
2025-01-04,,,,,
2025-01-05,,,,,
2025-01-06,06 Jan 25,DI Yogyakarta,Beras Kualitas Medium II,13900.0,Rp0
2025-01-07,07 Jan 25,DI Yogyakarta,Beras Kualitas Medium II,13900.0,Rp0
2025-01-08,08 Jan 25,DI Yogyakarta,Beras Kualitas Medium II,13900.0,Rp0
2025-01-09,09 Jan 25,DI Yogyakarta,Beras Kualitas Medium II,13900.0,Rp0
2025-01-10,10 Jan 25,DI Yogyakarta,Beras Kualitas Medium II,13900.0,Rp0
2025-01-11,,,,,
2025-01-12,,,,,
2025-01-13,13 Jan 25,DI Yogyakarta,Beras Kualitas Medium II,13900.0,Rp0
2025-01-14,14 Jan 25,DI Yogyakarta,Beras Kualitas Medium II,13900.0,Rp0
2025-01-15,15 Jan 25,DI Yogyakarta,Beras Kualitas Medium II,13900.0,Rp0
2025-01-16,16 Jan 25,DI Yogyakarta,Beras Kualitas Medium II,13900.0,Rp0
2025-01-17,17 Jan 25,DI Yogyakarta,Beras Kualitas Medium II,13900.0,Rp0
2025-01-18,,,,,
2025-01-19,,,,,
2025-01-20,20 Jan 25,DI Yogyakarta,Beras Kualitas Medium II,13900.0,Rp0
2025-01-21,21 Jan 25,DI Yogyakarta,Beras Kualitas Medium II,13900.0,Rp0
2025-01-22,22 Jan 25,DI Yogyakarta,Beras Kualitas Medium II,13900.0,Rp0
2025-01-23,23 Jan 25,DI Yogyakarta,Beras Kualitas Medium II,13900.0,Rp0
2025-01-24,24 Jan 25,DI Yogyakarta,Beras Kualitas Medium II,13900.0,Rp0
2025-01-25,,,,,
2025-01-26,,,,,
2025-01-27,27 Jan 25,DI Yogyakarta,Beras Kualitas Medium II,13900.0,
2025-01-28,28 Jan 25,DI Yogyakarta,Beras Kualitas Medium II,13900.0,Rp0
2025-01-29,29 Jan 25,DI Yogyakarta,Beras Kualitas Medium II,13900.0,Rp0
2025-01-30,30 Jan 25,DI Yogyakarta,Beras Kualitas Medium II,13900.0,Rp0
2025-01-31,31 Jan 25,DI Yogyakarta,Beras Kualitas Medium II,13900.0,Rp0
2025-02-01,,,,,
2025-02-02,,,,,
2025-02-03,03 Feb 25,DI Yogyakarta,Beras Kualitas Medium II,13900.0,Rp0
2025-02-04,04 Feb 25,DI Yogyakarta,Beras Kualitas Medium II,13900.0,Rp0
2025-02-05,05 Feb 25,DI Yogyakarta,Beras Kualitas Medium II,13900.0,Rp0
2025-02-06,06 Feb 25,DI Yogyakarta,Beras Kualitas Medium II,13900.0,Rp0
2025-02-07,07 Feb 25,DI Yogyakarta,Beras Kualitas Medium II,13900.0,Rp0
2025-02-08,,,,,
2025-02-09,,,,,
2025-02-10,10 Feb 25,DI Yogyakarta,Beras Kualitas Medium II,13900.0,Rp0
2025-02-11,11 Feb 25,DI Yogyakarta,Beras Kualitas Medium II,13900.0,Rp0
2025-02-12,12 Feb 25,DI Yogyakarta,Beras Kualitas Medium II,13900.0,Rp0
2025-02-13,13 Feb 25,DI Yogyakarta,Beras Kualitas Medium II,13900.0,Rp0
2025-02-14,14 Feb 25,DI Yogyakarta,Beras Kualitas Medium II,13900.0,Rp0
2025-02-15,,,,,
2025-02-16,,,,,
2025-02-17,17 Feb 25,DI Yogyakarta,Beras Kualitas Medium II,13900.0,Rp0
2025-02-18,18 Feb 25,DI Yogyakarta,Beras Kualitas Medium II,13900.0,Rp0
2025-02-19,19 Feb 25,DI Yogyakarta,Beras Kualitas Medium II,13900.0,Rp0
2025-02-20,20 Feb 25,DI Yogyakarta,Beras Kualitas Medium II,13900.0,Rp0
2025-02-21,21 Feb 25,DI Yogyakarta,Beras Kualitas Medium II,13900.0,Rp0
2025-02-22,,,,,
2025-02-23,,,,,
2025-02-24,24 Feb 25,DI Yogyakarta,Beras Kualitas Medium II,13900.0,Rp0
2025-02-25,25 Feb 25,DI Yogyakarta,Beras Kualitas Medium II,13900.0,Rp0
2025-02-26,26 Feb 25,DI Yogyakarta,Beras Kualitas Medium II,13900.0,Rp0
2025-02-27,27 Feb 25,DI Yogyakarta,Beras Kualitas Medium II,13900.0,Rp0
2025-02-28,28 Feb 25,DI Yogyakarta,Beras Kualitas Medium II,13900.0,Rp0
2025-03-01,,,,,
2025-03-02,,,,,
2025-03-03,03 Mar 25,DI Yogyakarta,Beras Kualitas Medium II,14150.0,
2025-03-04,04 Mar 25,DI Yogyakarta,Beras Kualitas Medium II,14150.0,Rp0
2025-03-05,05 Mar 25,DI Yogyakarta,Beras Kualitas Medium II,14150.0,Rp0
2025-03-06,06 Mar 25,DI Yogyakarta,Beras Kualitas Medium II,14150.0,Rp0
2025-03-07,07 Mar 25,DI Yogyakarta,Beras Kualitas Medium II,14150.0,Rp0
2025-03-08,,,,,
2025-03-09,,,,,
2025-03-10,10 Mar 25,DI Yogyakarta,Beras Kualitas Medium II,14150.0,Rp0
2025-03-11,11 Mar 25,DI Yogyakarta,Beras Kualitas Medium II,14150.0,Rp0
2025-03-12,12 Mar 25,DI Yogyakarta,Beras Kualitas Medium II,14150.0,Rp0
2025-03-13,13 Mar 25,DI Yogyakarta,Beras Kualitas Medium II,14150.0,Rp0
2025-03-14,14 Mar 25,DI Yogyakarta,Beras Kualitas Medium II,14150.0,Rp0
2025-03-15,,,,,
2025-03-16,,,,,
2025-03-17,17 Mar 25,DI Yogyakarta,Beras Kualitas Medium II,14150.0,Rp0
2025-03-18,18 Mar 25,DI Yogyakarta,Beras Kualitas Medium II,14150.0,Rp0
2025-03-19,19 Mar 25,DI Yogyakarta,Beras Kualitas Medium II,14150.0,Rp0
2025-03-20,20 Mar 25,DI Yogyakarta,Beras Kualitas Medium II,14150.0,Rp0
2025-03-21,21 Mar 25,DI Yogyakarta,Beras Kualitas Medium II,14150.0,Rp0
2025-03-22,,,,,
2025-03-23,,,,,
2025-03-24,24 Mar 25,DI Yogyakarta,Beras Kualitas Medium II,14150.0,Rp0
2025-03-25,25 Mar 25,DI Yogyakarta,Beras Kualitas Medium II,14150.0,Rp0
2025-03-26,26 Mar 25,DI Yogyakarta,Beras Kualitas Medium II,14150.0,Rp0
2025-03-27,27 Mar 25,DI Yogyakarta,Beras Kualitas Medium II,14150.0,Rp0
2025-03-28,28 Mar 25,DI Yogyakarta,Beras Kualitas Medium II,14150.0,Rp0
2025-03-29,,,,,
2025-03-30,,,,,
2025-03-31,31 Mar 25,DI Yogyakarta,Beras Kualitas Medium II,14150.0,
2025-04-01,01 Apr 25,DI Yogyakarta,Beras Kualitas Medium II,14150.0,Rp0
2025-04-02,02 Apr 25,DI Yogyakarta,Beras Kualitas Medium II,14150.0,Rp0
2025-04-03,03 Apr 25,DI Yogyakarta,Beras Kualitas Medium II,14150.0,Rp0
2025-04-04,04 Apr 25,DI Yogyakarta,Beras Kualitas Medium II,14150.0,Rp0
2025-04-05,,,,,
2025-04-06,,,,,
2025-04-07,07 Apr 25,DI Yogyakarta,Beras Kualitas Medium II,14150.0,
2025-04-08,08 Apr 25,DI Yogyakarta,Beras Kualitas Medium II,14150.0,Rp0
2025-04-09,09 Apr 25,DI Yogyakarta,Beras Kualitas Medium II,14150.0,Rp0
2025-04-10,10 Apr 25,DI Yogyakarta,Beras Kualitas Medium II,14150.0,Rp0
2025-04-11,11 Apr 25,DI Yogyakarta,Beras Kualitas Medium II,14150.0,Rp0
2025-04-12,,,,,
2025-04-13,,,,,
2025-04-14,14 Apr 25,DI Yogyakarta,Beras Kualitas Medium II,14150.0,Rp0
2025-04-15,15 Apr 25,DI Yogyakarta,Beras Kualitas Medium II,14150.0,Rp0
2025-04-16,16 Apr 25,DI Yogyakarta,Beras Kualitas Medium II,14150.0,Rp0
2025-04-17,17 Apr 25,DI Yogyakarta,Beras Kualitas Medium II,14150.0,Rp0
2025-04-18,18 Apr 25,DI Yogyakarta,Beras Kualitas Medium II,14150.0,Rp0
2025-04-19,,,,,
2025-04-20,,,,,
2025-04-21,21 Apr 25,DI Yogyakarta,Beras Kualitas Medium II,14150.0,Rp0
2025-04-22,22 Apr 25,DI Yogyakarta,Beras Kualitas Medium II,14150.0,Rp0
2025-04-23,23 Apr 25,DI Yogyakarta,Beras Kualitas Medium II,14150.0,Rp0
2025-04-24,24 Apr 25,DI Yogyakarta,Beras Kualitas Medium II,14150.0,Rp0
2025-04-25,25 Apr 25,DI Yogyakarta,Beras Kualitas Medium II,14150.0,Rp0
2025-04-26,,,,,
2025-04-27,,,,,
2025-04-28,28 Apr 25,DI Yogyakarta,Beras Kualitas Medium II,14150.0,Rp0
2025-04-29,29 Apr 25,DI Yogyakarta,Beras Kualitas Medium II,14150.0,Rp0
2025-04-30,30 Apr 25,DI Yogyakarta,Beras Kualitas Medium II,14150.0,Rp0
2025-05-01,01 Mei 25,DI Yogyakarta,Beras Kualitas Medium II,14150.0,Rp0
2025-05-02,02 Mei 25,DI Yogyakarta,Beras Kualitas Medium II,14150.0,Rp0
2025-05-03,,,,,
2025-05-04,,,,,
2025-05-05,05 Mei 25,DI Yogyakarta,Beras Kualitas Medium II,14150.0,Rp0
2025-05-06,06 Mei 25,DI Yogyakarta,Beras Kualitas Medium II,14150.0,Rp0
2025-05-07,07 Mei 25,DI Yogyakarta,Beras Kualitas Medium II,14150.0,Rp0
2025-05-08,08 Mei 25,DI Yogyakarta,Beras Kualitas Medium II,14150.0,Rp0
2025-05-09,09 Mei 25,DI Yogyakarta,Beras Kualitas Medium II,14150.0,Rp0
2025-05-10,,,,,
2025-05-11,,,,,
2025-05-12,12 Mei 25,DI Yogyakarta,Beras Kualitas Medium II,14150.0,Rp0
2025-05-13,13 Mei 25,DI Yogyakarta,Beras Kualitas Medium II,14150.0,Rp0
2025-05-14,14 Mei 25,DI Yogyakarta,Beras Kualitas Medium II,14150.0,Rp0
2025-05-15,15 Mei 25,DI Yogyakarta,Beras Kualitas Medium II,14150.0,Rp0
2025-05-16,16 Mei 25,DI Yogyakarta,Beras Kualitas Medium II,14150.0,Rp0
2025-05-17,,,,,
2025-05-18,,,,,
2025-05-19,19 Mei 25,DI Yogyakarta,Beras Kualitas Medium II,14150.0,Rp0
2025-05-20,20 Mei 25,DI Yogyakarta,Beras Kualitas Medium II,14150.0,Rp0
2025-05-21,21 Mei 25,DI Yogyakarta,Beras Kualitas Medium II,14150.0,Rp0
2025-05-22,22 Mei 25,DI Yogyakarta,Beras Kualitas Medium II,14150.0,Rp0
2025-05-23,23 Mei 25,DI Yogyakarta,Beras Kualitas Medium II,14150.0,Rp0
2025-05-24,,,,,
2025-05-25,,,,,
2025-05-26,26 Mei 25,DI Yogyakarta,Beras Kualitas Medium II,14150.0,Rp0
2025-05-27,27 Mei 25,DI Yogyakarta,Beras Kualitas Medium II,14150.0,Rp0
2025-05-28,28 Mei 25,DI Yogyakarta,Beras Kualitas Medium II,14150.0,Rp0
2025-05-29,29 Mei 25,DI Yogyakarta,Beras Kualitas Medium II,14150.0,Rp0
2025-05-30,30 Mei 25,DI Yogyakarta,Beras Kualitas Medium II,14150.0,Rp0
2025-05-31,,,,,
2025-06-01,,,,,
2025-06-02,02 Jun 25,DI Yogyakarta,Beras Kualitas Medium II,14150.0,
2025-06-03,03 Jun 25,DI Yogyakarta,Beras Kualitas Medium II,14150.0,Rp0
2025-06-04,04 Jun 25,DI Yogyakarta,Beras Kualitas Medium II,14150.0,Rp0
2025-06-05,05 Jun 25,DI Yogyakarta,Beras Kualitas Medium II,14150.0,Rp0
2025-06-06,06 Jun 25,DI Yogyakarta,Beras Kualitas Medium II,14150.0,Rp0
2025-06-07,,,,,
2025-06-08,,,,,
2025-06-09,09 Jun 25,DI Yogyakarta,Beras Kualitas Medium II,14150.0,Rp0
2025-06-10,10 Jun 25,DI Yogyakarta,Beras Kualitas Medium II,14150.0,Rp0
2025-06-11,11 Jun 25,DI Yogyakarta,Beras Kualitas Medium II,14150.0,Rp0
2025-06-12,12 Jun 25,DI Yogyakarta,Beras Kualitas Medium II,14150.0,Rp0
2025-06-13,13 Jun 25,DI Yogyakarta,Beras Kualitas Medium II,14150.0,Rp0
2025-06-14,,,,,
2025-06-15,,,,,
2025-06-16,16 Jun 25,DI Yogyakarta,Beras Kualitas Medium II,14150.0,Rp0
2025-06-17,17 Jun 25,DI Yogyakarta,Beras Kualitas Medium II,14150.0,Rp0
2025-06-18,18 Jun 25,DI Yogyakarta,Beras Kualitas Medium II,14150.0,Rp0
2025-06-19,19 Jun 25,DI Yogyakarta,Beras Kualitas Medium II,14150.0,Rp0
2025-06-20,20 Jun 25,DI Yogyakarta,Beras Kualitas Medium II,14150.0,Rp0
2025-06-21,,,,,
2025-06-22,,,,,
2025-06-23,23 Jun 25,DI Yogyakarta,Beras Kualitas Medium II,14150.0,
2025-06-24,24 Jun 25,DI Yogyakarta,Beras Kualitas Medium II,14150.0,Rp0
2025-06-25,25 Jun 25,DI Yogyakarta,Beras Kualitas Medium II,14150.0,Rp0
2025-06-26,26 Jun 25,DI Yogyakarta,Beras Kualitas Medium II,14400.0,Rp250
2025-06-27,27 Jun 25,DI Yogyakarta,Beras Kualitas Medium II,14400.0,Rp0
2025-06-28,,,,,
2025-06-29,,,,,
2025-06-30,30 Jun 25,DI Yogyakarta,Beras Kualitas Medium II,14400.0,
2025-07-01,01 Jul 25,DI Yogyakarta,Beras Kualitas Medium II,14400.0,Rp0
2025-07-02,02 Jul 25,DI Yogyakarta,Beras Kualitas Medium II,14400.0,Rp0
2025-07-03,03 Jul 25,DI Yogyakarta,Beras Kualitas Medium II,14400.0,Rp0
2025-07-04,04 Jul 25,DI Yogyakarta,Beras Kualitas Medium II,14400.0,Rp0
2025-07-05,,,,,
2025-07-06,,,,,
2025-07-07,07 Jul 25,DI Yogyakarta,Beras Kualitas Medium II,14400.0,Rp0
2025-07-08,08 Jul 25,DI Yogyakarta,Beras Kualitas Medium II,14400.0,Rp0
2025-07-09,09 Jul 25,DI Yogyakarta,Beras Kualitas Medium II,14400.0,Rp0
2025-07-10,10 Jul 25,DI Yogyakarta,Beras Kualitas Medium II,14400.0,Rp0
2025-07-11,11 Jul 25,DI Yogyakarta,Beras Kualitas Medium II,14400.0,Rp0
2025-07-12,,,,,
2025-07-13,,,,,
2025-07-14,14 Jul 25,DI Yogyakarta,Beras Kualitas Medium II,14400.0,Rp0
2025-07-15,15 Jul 25,DI Yogyakarta,Beras Kualitas Medium II,14400.0,Rp0
2025-07-16,16 Jul 25,DI Yogyakarta,Beras Kualitas Medium II,14400.0,Rp0
2025-07-17,17 Jul 25,DI Yogyakarta,Beras Kualitas Medium II,14400.0,Rp0
2025-07-18,18 Jul 25,DI Yogyakarta,Beras Kualitas Medium II,14400.0,Rp0
2025-07-19,,,,,
2025-07-20,,,,,
2025-07-21,21 Jul 25,DI Yogyakarta,Beras Kualitas Medium II,14400.0,Rp0
2025-07-22,22 Jul 25,DI Yogyakarta,Beras Kualitas Medium II,14400.0,Rp0
2025-07-23,23 Jul 25,DI Yogyakarta,Beras Kualitas Medium II,14400.0,Rp0
2025-07-24,24 Jul 25,DI Yogyakarta,Beras Kualitas Medium II,14400.0,Rp0
2025-07-25,25 Jul 25,DI Yogyakarta,Beras Kualitas Medium II,14400.0,Rp0
2025-07-26,,,,,
2025-07-27,,,,,
2025-07-28,28 Jul 25,DI Yogyakarta,Beras Kualitas Medium II,14400.0,Rp0
2025-07-29,29 Jul 25,DI Yogyakarta,Beras Kualitas Medium II,14400.0,Rp0
2025-07-30,30 Jul 25,DI Yogyakarta,Beras Kualitas Medium II,14400.0,Rp0
2025-07-31,31 Jul 25,DI Yogyakarta,Beras Kualitas Medium II,14400.0,Rp0
2025-08-01,01 Agt 25,DI Yogyakarta,Beras Kualitas Medium II,14400.0,Rp0
2025-08-02,,,,,
2025-08-03,,,,,
2025-08-04,04 Agt 25,DI Yogyakarta,Beras Kualitas Medium II,14400.0,Rp0
2025-08-05,05 Agt 25,DI Yogyakarta,Beras Kualitas Medium II,14400.0,Rp0
2025-08-06,06 Agt 25,DI Yogyakarta,Beras Kualitas Medium II,14400.0,Rp0
2025-08-07,07 Agt 25,DI Yogyakarta,Beras Kualitas Medium II,14400.0,Rp0
2025-08-08,08 Agt 25,DI Yogyakarta,Beras Kualitas Medium II,14400.0,Rp0
2025-08-09,,,,,
2025-08-10,,,,,
2025-08-11,11 Agt 25,DI Yogyakarta,Beras Kualitas Medium II,14400.0,Rp0
2025-08-12,12 Agt 25,DI Yogyakarta,Beras Kualitas Medium II,14400.0,Rp0
2025-08-13,13 Agt 25,DI Yogyakarta,Beras Kualitas Medium II,14400.0,Rp0
2025-08-14,14 Agt 25,DI Yogyakarta,Beras Kualitas Medium II,14400.0,Rp0
2025-08-15,15 Agt 25,DI Yogyakarta,Beras Kualitas Medium II,14400.0,Rp0
2025-08-16,,,,,
2025-08-17,,,,,
2025-08-18,18 Agt 25,DI Yogyakarta,Beras Kualitas Medium II,14400.0,Rp0
2025-08-19,19 Agt 25,DI Yogyakarta,Beras Kualitas Medium II,14400.0,Rp0
2025-08-20,20 Agt 25,DI Yogyakarta,Beras Kualitas Medium II,14400.0,Rp0
2025-08-21,21 Agt 25,DI Yogyakarta,Beras Kualitas Medium II,14400.0,Rp0
2025-08-22,22 Agt 25,DI Yogyakarta,Beras Kualitas Medium II,14400.0,Rp0
2025-08-23,,,,,
2025-08-24,,,,,
2025-08-25,25 Agt 25,DI Yogyakarta,Beras Kualitas Medium II,14400.0,Rp0
2025-08-26,26 Agt 25,DI Yogyakarta,Beras Kualitas Medium II,14400.0,Rp0
2025-08-27,27 Agt 25,DI Yogyakarta,Beras Kualitas Medium II,14400.0,Rp0
2025-08-28,28 Agt 25,DI Yogyakarta,Beras Kualitas Medium II,14400.0,Rp0
2025-08-29,29 Agt 25,DI Yogyakarta,Beras Kualitas Medium II,14400.0,Rp0
2025-08-30,,,,,
2025-08-31,,,,,
2025-09-01,01 Sep 25,DI Yogyakarta,Beras Kualitas Medium II,14400.0,Rp0
2025-09-02,02 Sep 25,DI Yogyakarta,Beras Kualitas Medium II,14400.0,Rp0
2025-09-03,03 Sep 25,DI Yogyakarta,Beras Kualitas Medium II,14400.0,Rp0
2025-09-04,04 Sep 25,DI Yogyakarta,Beras Kualitas Medium II,14400.0,Rp0
2025-09-05,05 Sep 25,DI Yogyakarta,Beras Kualitas Medium II,14400.0,Rp0
2025-09-06,,,,,
2025-09-07,,,,,
2025-09-08,08 Sep 25,DI Yogyakarta,Beras Kualitas Medium II,14150.0,
2025-09-09,09 Sep 25,DI Yogyakarta,Beras Kualitas Medium II,14150.0,Rp0
2025-09-10,10 Sep 25,DI Yogyakarta,Beras Kualitas Medium II,14150.0,Rp0
2025-09-11,11 Sep 25,DI Yogyakarta,Beras Kualitas Medium II,14150.0,Rp0
2025-09-12,12 Sep 25,DI Yogyakarta,Beras Kualitas Medium II,14150.0,Rp0
2025-09-13,,,,,
2025-09-14,,,,,
2025-09-15,15 Sep 25,DI Yogyakarta,Beras Kualitas Medium II,14150.0,Rp0
2025-09-16,16 Sep 25,DI Yogyakarta,Beras Kualitas Medium II,14150.0,Rp0
2025-09-17,17 Sep 25,DI Yogyakarta,Beras Kualitas Medium II,14150.0,Rp0
2025-09-18,18 Sep 25,DI Yogyakarta,Beras Kualitas Medium II,14150.0,Rp0
2025-09-19,19 Sep 25,DI Yogyakarta,Beras Kualitas Medium II,14150.0,Rp0
2025-09-20,,,,,
2025-09-21,,,,,
2025-09-22,22 Sep 25,DI Yogyakarta,Beras Kualitas Medium II,14150.0,Rp0
2025-09-23,23 Sep 25,DI Yogyakarta,Beras Kualitas Medium II,14150.0,Rp0
2025-09-24,24 Sep 25,DI Yogyakarta,Beras Kualitas Medium II,14150.0,Rp0
2025-09-25,25 Sep 25,DI Yogyakarta,Beras Kualitas Medium II,14150.0,Rp0
2025-09-26,26 Sep 25,DI Yogyakarta,Beras Kualitas Medium II,14150.0,Rp0
2025-09-27,,,,,
2025-09-28,,,,,
2025-09-29,29 Sep 25,DI Yogyakarta,Beras Kualitas Medium II,14150.0,Rp0
2025-09-30,30 Sep 25,DI Yogyakarta,Beras Kualitas Medium II,14150.0,Rp0
2025-10-01,01 Okt 25,DI Yogyakarta,Beras Kualitas Medium II,14150.0,Rp0
2025-10-02,02 Okt 25,DI Yogyakarta,Beras Kualitas Medium II,14150.0,Rp0
2025-10-03,03 Okt 25,DI Yogyakarta,Beras Kualitas Medium II,14150.0,Rp0
2025-10-04,,,,,
2025-10-05,,,,,
2025-10-06,06 Okt 25,DI Yogyakarta,Beras Kualitas Medium II,14150.0,Rp0
2025-10-07,07 Okt 25,DI Yogyakarta,Beras Kualitas Medium II,14150.0,Rp0
2025-10-08,08 Okt 25,DI Yogyakarta,Beras Kualitas Medium II,14150.0,Rp0
2025-10-09,09 Okt 25,DI Yogyakarta,Beras Kualitas Medium II,14150.0,Rp0
2025-10-10,10 Okt 25,DI Yogyakarta,Beras Kualitas Medium II,14150.0,Rp0
2025-10-11,,,,,
2025-10-12,,,,,
2025-10-13,13 Okt 25,DI Yogyakarta,Beras Kualitas Medium II,14150.0,Rp0
2025-10-14,14 Okt 25,DI Yogyakarta,Beras Kualitas Medium II,14150.0,Rp0
2025-10-15,15 Okt 25,DI Yogyakarta,Beras Kualitas Medium II,14150.0,Rp0
2025-10-16,16 Okt 25,DI Yogyakarta,Beras Kualitas Medium II,14150.0,Rp0
2025-10-17,17 Okt 25,DI Yogyakarta,Beras Kualitas Medium II,14150.0,Rp0
2025-10-18,,,,,
2025-10-19,,,,,
2025-10-20,20 Okt 25,DI Yogyakarta,Beras Kualitas Medium II,14150.0,Rp0
2025-10-21,21 Okt 25,DI Yogyakarta,Beras Kualitas Medium II,14150.0,Rp0
2025-10-22,22 Okt 25,DI Yogyakarta,Beras Kualitas Medium II,14150.0,Rp0
2025-10-23,23 Okt 25,DI Yogyakarta,Beras Kualitas Medium II,14150.0,Rp0
2025-10-24,24 Okt 25,DI Yogyakarta,Beras Kualitas Medium II,14150.0,Rp0
2025-10-25,,,,,
2025-10-26,,,,,
2025-10-27,27 Okt 25,DI Yogyakarta,Beras Kualitas Medium II,14150.0,
2025-10-28,28 Okt 25,DI Yogyakarta,Beras Kualitas Medium II,14150.0,Rp0
2025-10-29,29 Okt 25,DI Yogyakarta,Beras Kualitas Medium II,14150.0,Rp0
2025-10-30,30 Okt 25,DI Yogyakarta,Beras Kualitas Medium II,14150.0,Rp0
2025-10-31,31 Okt 25,DI Yogyakarta,Beras Kualitas Medium II,14150.0,Rp0
2025-11-01,,,,,
2025-11-02,,,,,
2025-11-03,03 Nov 25,DI Yogyakarta,Beras Kualitas Medium II,14150.0,Rp0
2025-11-04,04 Nov 25,DI Yogyakarta,Beras Kualitas Medium II,14150.0,Rp0
2025-11-05,05 Nov 25,DI Yogyakarta,Beras Kualitas Medium II,14150.0,Rp0
2025-11-06,06 Nov 25,DI Yogyakarta,Beras Kualitas Medium II,14150.0,Rp0
2025-11-07,07 Nov 25,DI Yogyakarta,Beras Kualitas Medium II,14150.0,Rp0
2025-11-08,,,,,
2025-11-09,,,,,
2025-11-10,10 Nov 25,DI Yogyakarta,Beras Kualitas Medium II,14150.0,Rp0
2025-11-11,11 Nov 25,DI Yogyakarta,Beras Kualitas Medium II,14150.0,Rp0
2025-11-12,12 Nov 25,DI Yogyakarta,Beras Kualitas Medium II,14150.0,Rp0
2025-11-13,13 Nov 25,DI Yogyakarta,Beras Kualitas Medium II,14150.0,Rp0
2025-11-14,14 Nov 25,DI Yogyakarta,Beras Kualitas Medium II,14150.0,Rp0
2025-11-15,,,,,
2025-11-16,,,,,
2025-11-17,17 Nov 25,DI Yogyakarta,Beras Kualitas Medium II,14150.0,Rp0
2025-11-18,18 Nov 25,DI Yogyakarta,Beras Kualitas Medium II,14150.0,Rp0
2025-11-19,19 Nov 25,DI Yogyakarta,Beras Kualitas Medium II,14150.0,Rp0
2025-11-20,20 Nov 25,DI Yogyakarta,Beras Kualitas Medium II,14150.0,Rp0
2025-11-21,21 Nov 25,DI Yogyakarta,Beras Kualitas Medium II,14150.0,Rp0
2025-11-22,,,,,
2025-11-23,,,,,
2025-11-24,24 Nov 25,DI Yogyakarta,Beras Kualitas Medium II,14150.0,Rp0
2025-11-25,25 Nov 25,DI Yogyakarta,Beras Kualitas Medium II,14150.0,Rp0
2025-11-26,26 Nov 25,DI Yogyakarta,Beras Kualitas Medium II,14150.0,Rp0
2025-11-27,27 Nov 25,DI Yogyakarta,Beras Kualitas Medium II,14150.0,Rp0
2025-11-28,28 Nov 25,DI Yogyakarta,Beras Kualitas Medium II,14150.0,Rp0
2025-11-29,,,,,
2025-11-30,,,,,
2025-12-01,01 Des 25,DI Yogyakarta,Beras Kualitas Medium II,14150.0,Rp0
2025-12-02,02 Des 25,DI Yogyakarta,Beras Kualitas Medium II,14150.0,Rp0
2025-12-03,03 Des 25,DI Yogyakarta,Beras Kualitas Medium II,14150.0,Rp0
2025-12-04,04 Des 25,DI Yogyakarta,Beras Kualitas Medium II,14150.0,Rp0
2025-12-05,05 Des 25,DI Yogyakarta,Beras Kualitas Medium II,14150.0,Rp0
2025-12-06,,,,,
2025-12-07,,,,,
2025-12-08,08 Des 25,DI Yogyakarta,Beras Kualitas Medium II,14150.0,Rp0
2025-12-09,09 Des 25,DI Yogyakarta,Beras Kualitas Medium II,14150.0,Rp0
2025-12-10,10 Des 25,DI Yogyakarta,Beras Kualitas Medium II,14150.0,Rp0
2025-12-11,11 Des 25,DI Yogyakarta,Beras Kualitas Medium II,14150.0,Rp0
2025-12-12,12 Des 25,DI Yogyakarta,Beras Kualitas Medium II,14150.0,Rp0
2025-12-13,,,,,
2025-12-14,,,,,
2025-12-15,15 Des 25,DI Yogyakarta,Beras Kualitas Medium II,14150.0,Rp0
2025-12-16,16 Des 25,DI Yogyakarta,Beras Kualitas Medium II,14150.0,Rp0
2025-12-17,17 Des 25,DI Yogyakarta,Beras Kualitas Medium II,14150.0,Rp0
2025-12-18,18 Des 25,DI Yogyakarta,Beras Kualitas Medium II,14150.0,Rp0
2025-12-19,19 Des 25,DI Yogyakarta,Beras Kualitas Medium II,14150.0,Rp0
2025-12-20,,,,,
2025-12-21,,,,,
2025-12-22,22 Des 25,DI Yogyakarta,Beras Kualitas Medium II,14150.0,Rp0
2025-12-23,23 Des 25,DI Yogyakarta,Beras Kualitas Medium II,14150.0,Rp0
2025-12-24,24 Des 25,DI Yogyakarta,Beras Kualitas Medium II,14150.0,Rp0
2025-12-25,25 Des 25,DI Yogyakarta,Beras Kualitas Medium II,14150.0,Rp0
2025-12-26,26 Des 25,DI Yogyakarta,Beras Kualitas Medium II,14150.0,Rp0
2025-12-27,,,,,
2025-12-28,,,,,
2025-12-29,29 Des 25,DI Yogyakarta,Beras Kualitas Medium II,14150.0,Rp0
2025-12-30,30 Des 25,DI Yogyakarta,Beras Kualitas Medium II,14150.0,Rp0
2025-12-31,31 Des 25,DI Yogyakarta,Beras Kualitas Medium II,14150.0,Rp0
2026-01-01,01 Jan 26,DI Yogyakarta,Beras Kualitas Medium II,14150.0,Rp0
2026-01-02,02 Jan 26,DI Yogyakarta,Beras Kualitas Medium II,14150.0,Rp0
2026-01-03,,,,,
2026-01-04,,,,,
2026-01-05,05 Jan 26,DI Yogyakarta,Beras Kualitas Medium II,14150.0,Rp0
2026-01-06,06 Jan 26,DI Yogyakarta,Beras Kualitas Medium II,14150.0,Rp0
2026-01-07,07 Jan 26,DI Yogyakarta,Beras Kualitas Medium II,14150.0,Rp0
2026-01-08,08 Jan 26,DI Yogyakarta,Beras Kualitas Medium II,14150.0,Rp0
2026-01-09,09 Jan 26,DI Yogyakarta,Beras Kualitas Medium II,14150.0,Rp0
2026-01-10,,,,,
2026-01-11,,,,,
2026-01-12,12 Jan 26,DI Yogyakarta,Beras Kualitas Medium II,14150.0,Rp0
2026-01-13,13 Jan 26,DI Yogyakarta,Beras Kualitas Medium II,14150.0,Rp0
2026-01-14,14 Jan 26,DI Yogyakarta,Beras Kualitas Medium II,14150.0,Rp0
2026-01-15,15 Jan 26,DI Yogyakarta,Beras Kualitas Medium II,14150.0,Rp0
2026-01-16,16 Jan 26,DI Yogyakarta,Beras Kualitas Medium II,14150.0,Rp0
2026-01-17,,,,,
2026-01-18,,,,,
2026-01-19,19 Jan 26,DI Yogyakarta,Beras Kualitas Medium II,14150.0,Rp0
2026-01-20,20 Jan 26,DI Yogyakarta,Beras Kualitas Medium II,14150.0,Rp0
2026-01-21,21 Jan 26,DI Yogyakarta,Beras Kualitas Medium II,14150.0,Rp0
2026-01-22,22 Jan 26,DI Yogyakarta,Beras Kualitas Medium II,14150.0,Rp0
2026-01-23,23 Jan 26,DI Yogyakarta,Beras Kualitas Medium II,14150.0,Rp0
2026-01-24,,,,,
2026-01-25,,,,,
2026-01-26,26 Jan 26,DI Yogyakarta,Beras Kualitas Medium II,14150.0,Rp0
2026-01-27,27 Jan 26,DI Yogyakarta,Beras Kualitas Medium II,14150.0,Rp0
2026-01-28,28 Jan 26,DI Yogyakarta,Beras Kualitas Medium II,14150.0,Rp0
2026-01-29,29 Jan 26,DI Yogyakarta,Beras Kualitas Medium II,14150.0,Rp0
2026-01-30,30 Jan 26,DI Yogyakarta,Beras Kualitas Medium II,14150.0,Rp0
2026-01-31,,,,,
2026-02-01,,,,,
2026-02-02,02 Feb 26,DI Yogyakarta,Beras Kualitas Medium II,14150.0,
2026-02-03,03 Feb 26,DI Yogyakarta,Beras Kualitas Medium II,14150.0,Rp0
2026-02-04,04 Feb 26,DI Yogyakarta,Beras Kualitas Medium II,14150.0,Rp0
2026-02-05,05 Feb 26,DI Yogyakarta,Beras Kualitas Medium II,14150.0,Rp0
2026-02-06,06 Feb 26,DI Yogyakarta,Beras Kualitas Medium II,14150.0,Rp0
2026-02-07,,,,,
2026-02-08,,,,,
2026-02-09,09 Feb 26,DI Yogyakarta,Beras Kualitas Medium II,14150.0,Rp0
2026-02-10,10 Feb 26,DI Yogyakarta,Beras Kualitas Medium II,14150.0,Rp0
2026-02-11,11 Feb 26,DI Yogyakarta,Beras Kualitas Medium II,14150.0,Rp0
2026-02-12,12 Feb 26,DI Yogyakarta,Beras Kualitas Medium II,14150.0,Rp0
2026-02-13,13 Feb 26,DI Yogyakarta,Beras Kualitas Medium II,14150.0,Rp0
2026-02-14,,,,,
2026-02-15,,,,,
2026-02-16,16 Feb 26,DI Yogyakarta,Beras Kualitas Medium II,14150.0,Rp0
2026-02-17,17 Feb 26,DI Yogyakarta,Beras Kualitas Medium II,14150.0,Rp0
2026-02-18,18 Feb 26,DI Yogyakarta,Beras Kualitas Medium II,14150.0,Rp0
2026-02-19,19 Feb 26,DI Yogyakarta,Beras Kualitas Medium II,14150.0,Rp0
2026-02-20,20 Feb 26,DI Yogyakarta,Beras Kualitas Medium II,14150.0,Rp0
2026-02-21,,,,,
2026-02-22,,,,,
